mean_fit_time,std_fit_time,mean_score_time,std_score_time,param_data_prep__category_pipe__features_select__strategy,param_data_prep__numeric_pipe__features_select__strategy,param_model,params,split0_test_accuracy,split1_test_accuracy,split2_test_accuracy,split3_test_accuracy,split4_test_accuracy,mean_test_accuracy,std_test_accuracy,rank_test_accuracy,split0_test_f1,split1_test_f1,split2_test_f1,split3_test_f1,split4_test_f1,mean_test_f1,std_test_f1,rank_test_f1,split0_test_precision,split1_test_precision,split2_test_precision,split3_test_precision,split4_test_precision,mean_test_precision,std_test_precision,rank_test_precision,split0_test_recall,split1_test_recall,split2_test_recall,split3_test_recall,split4_test_recall,mean_test_recall,std_test_recall,rank_test_recall
0.11667685508728028,0.005896248438203557,0.1087106704711914,0.007901067621422697,filter_cat,filter_num,SGDClassifier(),"{'data_prep__category_pipe__features_select__strategy': 'filter_cat', 'data_prep__numeric_pipe__features_select__strategy': 'filter_num', 'model': SGDClassifier()}",0.9642857142857143,0.75,0.9642857142857143,0.9821428571428571,0.9642857142857143,0.925,0.08777289805317505,54,0.9545454545454545,0.5,0.9545454545454545,0.9767441860465117,0.9545454545454545,0.868076109936575,0.18423876689923002,54,0.9130434782608695,1.0,0.9130434782608695,0.9545454545454546,0.9130434782608695,0.9387351778656127,0.0345934489913693,54,1.0,0.3333333333333333,1.0,1.0,1.0,0.8666666666666666,0.26666666666666666,54
0.13375496864318848,0.005981377162107198,0.1150892734527588,0.016485912087159726,filter_cat,filter_num,LogisticRegression(),"{'data_prep__category_pipe__features_select__strategy': 'filter_cat', 'data_prep__numeric_pipe__features_select__strategy': 'filter_num', 'model': LogisticRegression()}",0.9642857142857143,1.0,0.9821428571428571,0.9821428571428571,0.9642857142857143,0.9785714285714286,0.013363062095621206,36,0.9545454545454545,1.0,0.9767441860465117,0.9767441860465117,0.9545454545454545,0.9725158562367865,0.016952913485606343,39,0.9130434782608695,1.0,0.9545454545454546,0.9545454545454546,0.9130434782608695,0.9470355731225297,0.03233868327127712,44,1.0,1.0,1.0,1.0,1.0,1.0,0.0,1
0.13810467720031738,0.014757112972398592,0.10811147689819336,0.008430085769783104,filter_cat,filter_num,LinearSVC(),"{'data_prep__category_pipe__features_select__strategy': 'filter_cat', 'data_prep__numeric_pipe__features_select__strategy': 'filter_num', 'model': LinearSVC()}",0.9642857142857143,1.0,0.9821428571428571,0.9821428571428571,0.9642857142857143,0.9785714285714286,0.013363062095621206,36,0.9545454545454545,1.0,0.9767441860465117,0.9767441860465117,0.9545454545454545,0.9725158562367865,0.016952913485606343,39,0.9130434782608695,1.0,0.9545454545454546,0.9545454545454546,0.9130434782608695,0.9470355731225297,0.03233868327127712,44,1.0,1.0,1.0,1.0,1.0,1.0,0.0,1
0.13150129318237305,0.011814140985363486,0.10771117210388184,0.011283862036246109,filter_cat,filter_num,SVC(),"{'data_prep__category_pipe__features_select__strategy': 'filter_cat', 'data_prep__numeric_pipe__features_select__strategy': 'filter_num', 'model': SVC()}",0.9642857142857143,1.0,0.9821428571428571,0.9821428571428571,0.9642857142857143,0.9785714285714286,0.013363062095621206,36,0.9545454545454545,1.0,0.9767441860465117,0.9767441860465117,0.9545454545454545,0.9725158562367865,0.016952913485606343,39,0.9130434782608695,1.0,0.9545454545454546,0.9545454545454546,0.9130434782608695,0.9470355731225297,0.03233868327127712,44,1.0,1.0,1.0,1.0,1.0,1.0,0.0,1
0.1296542167663574,0.007136186450836423,0.11369819641113281,0.01857147998829141,filter_cat,filter_num,DecisionTreeClassifier(),"{'data_prep__category_pipe__features_select__strategy': 'filter_cat', 'data_prep__numeric_pipe__features_select__strategy': 'filter_num', 'model': DecisionTreeClassifier()}",0.9642857142857143,0.9642857142857143,1.0,0.9821428571428571,0.9821428571428571,0.9785714285714286,0.013363062095621207,36,0.9545454545454545,0.9500000000000001,1.0,0.9767441860465117,0.9767441860465117,0.9716067653276955,0.01798278394451267,52,0.9130434782608695,1.0,1.0,0.9545454545454546,0.9545454545454546,0.9644268774703558,0.032761052624667365,20,1.0,0.9047619047619048,1.0,1.0,1.0,0.980952380952381,0.03809523809523809,34
0.3474711894989014,0.011170299614240223,0.12127623558044434,0.008798207857673088,filter_cat,filter_num,RandomForestClassifier(),"{'data_prep__category_pipe__features_select__strategy': 'filter_cat', 'data_prep__numeric_pipe__features_select__strategy': 'filter_num', 'model': RandomForestClassifier()}",1.0,0.9642857142857143,1.0,1.0,0.9821428571428571,0.9892857142857142,0.014285714285714285,8,1.0,0.9500000000000001,1.0,1.0,0.9767441860465117,0.9853488372093023,0.01983708661594055,10,1.0,1.0,1.0,1.0,0.9545454545454546,0.990909090909091,0.018181818181818167,7,1.0,0.9047619047619048,1.0,1.0,1.0,0.980952380952381,0.03809523809523809,34
0.19168272018432617,0.02064850390618056,0.1051187515258789,0.013756061040757458,filter_cat,filter_mutinf,SGDClassifier(),"{'data_prep__category_pipe__features_select__strategy': 'filter_cat', 'data_prep__numeric_pipe__features_select__strategy': 'filter_mutinf', 'model': SGDClassifier()}",0.9642857142857143,1.0,0.9821428571428571,0.9821428571428571,0.9821428571428571,0.9821428571428571,0.011293848786315635,23,0.9545454545454545,1.0,0.9767441860465117,0.9767441860465117,0.9767441860465117,0.976955602536998,0.01437632135306556,31,0.9130434782608695,1.0,0.9545454545454546,0.9545454545454546,0.9545454545454546,0.9553359683794467,0.02751510558728399,37,1.0,1.0,1.0,1.0,1.0,1.0,0.0,1
0.2052525043487549,0.01618535035276989,0.11429567337036133,0.007072104505911245,filter_cat,filter_mutinf,LogisticRegression(),"{'data_prep__category_pipe__features_select__strategy': 'filter_cat', 'data_prep__numeric_pipe__features_select__strategy': 'filter_mutinf', 'model': LogisticRegression()}",0.9642857142857143,1.0,0.9821428571428571,0.9821428571428571,0.9642857142857143,0.9785714285714286,0.013363062095621206,36,0.9545454545454545,1.0,0.9767441860465117,0.9767441860465117,0.9545454545454545,0.9725158562367865,0.016952913485606343,39,0.9130434782608695,1.0,0.9545454545454546,0.9545454545454546,0.9130434782608695,0.9470355731225297,0.03233868327127712,44,1.0,1.0,1.0,1.0,1.0,1.0,0.0,1
0.19986629486083984,0.01907544655859763,0.10232715606689453,0.0033729629760811527,filter_cat,filter_mutinf,LinearSVC(),"{'data_prep__category_pipe__features_select__strategy': 'filter_cat', 'data_prep__numeric_pipe__features_select__strategy': 'filter_mutinf', 'model': LinearSVC()}",0.9642857142857143,1.0,0.9821428571428571,0.9821428571428571,0.9821428571428571,0.9821428571428571,0.011293848786315635,23,0.9545454545454545,1.0,0.9767441860465117,0.9767441860465117,0.9767441860465117,0.976955602536998,0.01437632135306556,31,0.9130434782608695,1.0,0.9545454545454546,0.9545454545454546,0.9545454545454546,0.9553359683794467,0.02751510558728399,37,1.0,1.0,1.0,1.0,1.0,1.0,0.0,1
0.1986684799194336,0.016670676779491057,0.10990462303161622,0.011255912746728124,filter_cat,filter_mutinf,SVC(),"{'data_prep__category_pipe__features_select__strategy': 'filter_cat', 'data_prep__numeric_pipe__features_select__strategy': 'filter_mutinf', 'model': SVC()}",0.9642857142857143,1.0,0.9821428571428571,0.9821428571428571,0.9642857142857143,0.9785714285714286,0.013363062095621206,36,0.9545454545454545,1.0,0.9767441860465117,0.9767441860465117,0.9545454545454545,0.9725158562367865,0.016952913485606343,39,0.9130434782608695,1.0,0.9545454545454546,0.9545454545454546,0.9130434782608695,0.9470355731225297,0.03233868327127712,44,1.0,1.0,1.0,1.0,1.0,1.0,0.0,1
0.1920846462249756,0.010126912942464452,0.1009294033050537,0.003960304591252378,filter_cat,filter_mutinf,DecisionTreeClassifier(),"{'data_prep__category_pipe__features_select__strategy': 'filter_cat', 'data_prep__numeric_pipe__features_select__strategy': 'filter_mutinf', 'model': DecisionTreeClassifier()}",1.0,0.9642857142857143,0.9821428571428571,1.0,1.0,0.9892857142857142,0.014285714285714285,8,1.0,0.9500000000000001,0.9767441860465117,1.0,1.0,0.9853488372093023,0.01983708661594055,10,1.0,1.0,0.9545454545454546,1.0,1.0,0.990909090909091,0.018181818181818167,7,1.0,0.9047619047619048,1.0,1.0,1.0,0.980952380952381,0.03809523809523809,34
0.39394640922546387,0.02104358669821821,0.11250247955322265,0.006095469930402352,filter_cat,filter_mutinf,RandomForestClassifier(),"{'data_prep__category_pipe__features_select__strategy': 'filter_cat', 'data_prep__numeric_pipe__features_select__strategy': 'filter_mutinf', 'model': RandomForestClassifier()}",1.0,0.9642857142857143,0.9642857142857143,1.0,1.0,0.9857142857142858,0.01749635530559412,15,1.0,0.9500000000000001,0.9545454545454545,1.0,1.0,0.9809090909090908,0.023425634048591135,20,1.0,1.0,0.9130434782608695,1.0,1.0,0.9826086956521738,0.034782608695652195,12,1.0,0.9047619047619048,1.0,1.0,1.0,0.980952380952381,0.03809523809523809,34
3.7507768154144285,0.188198499986438,0.09574685096740723,0.0031587330018765527,filter_cat,wrapper_RFECV,SGDClassifier(),"{'data_prep__category_pipe__features_select__strategy': 'filter_cat', 'data_prep__numeric_pipe__features_select__strategy': 'wrapper_RFECV', 'model': SGDClassifier()}",0.9821428571428571,1.0,0.9821428571428571,0.9821428571428571,0.9642857142857143,0.9821428571428571,0.011293848786315635,23,0.9767441860465117,1.0,0.9767441860465117,0.9767441860465117,0.9545454545454545,0.9769556025369978,0.01437632135306556,33,0.9545454545454546,1.0,0.9545454545454546,0.9545454545454546,0.9130434782608695,0.9553359683794467,0.02751510558728399,37,1.0,1.0,1.0,1.0,1.0,1.0,0.0,1
4.092861604690552,0.6831108183907854,0.12167510986328126,0.030270021105842728,filter_cat,wrapper_RFECV,LogisticRegression(),"{'data_prep__category_pipe__features_select__strategy': 'filter_cat', 'data_prep__numeric_pipe__features_select__strategy': 'wrapper_RFECV', 'model': LogisticRegression()}",0.9642857142857143,1.0,0.9821428571428571,0.9821428571428571,0.9642857142857143,0.9785714285714286,0.013363062095621206,36,0.9545454545454545,1.0,0.9767441860465117,0.9767441860465117,0.9545454545454545,0.9725158562367865,0.016952913485606343,39,0.9130434782608695,1.0,0.9545454545454546,0.9545454545454546,0.9130434782608695,0.9470355731225297,0.03233868327127712,44,1.0,1.0,1.0,1.0,1.0,1.0,0.0,1
4.699043941497803,0.4958543818307522,0.16017231941223145,0.008382541370772411,filter_cat,wrapper_RFECV,LinearSVC(),"{'data_prep__category_pipe__features_select__strategy': 'filter_cat', 'data_prep__numeric_pipe__features_select__strategy': 'wrapper_RFECV', 'model': LinearSVC()}",0.9642857142857143,1.0,0.9821428571428571,0.9821428571428571,0.9642857142857143,0.9785714285714286,0.013363062095621206,36,0.9545454545454545,1.0,0.9767441860465117,0.9767441860465117,0.9545454545454545,0.9725158562367865,0.016952913485606343,39,0.9130434782608695,1.0,0.9545454545454546,0.9545454545454546,0.9130434782608695,0.9470355731225297,0.03233868327127712,44,1.0,1.0,1.0,1.0,1.0,1.0,0.0,1
6.214794445037842,0.6299715038089815,0.14840388298034668,0.0072573928666843845,filter_cat,wrapper_RFECV,SVC(),"{'data_prep__category_pipe__features_select__strategy': 'filter_cat', 'data_prep__numeric_pipe__features_select__strategy': 'wrapper_RFECV', 'model': SVC()}",0.9642857142857143,1.0,0.9821428571428571,0.9821428571428571,0.9642857142857143,0.9785714285714286,0.013363062095621206,36,0.9545454545454545,1.0,0.9767441860465117,0.9767441860465117,0.9545454545454545,0.9725158562367865,0.016952913485606343,39,0.9130434782608695,1.0,0.9545454545454546,0.9545454545454546,0.9130434782608695,0.9470355731225297,0.03233868327127712,44,1.0,1.0,1.0,1.0,1.0,1.0,0.0,1
6.394514179229736,0.28642548335371354,0.14880146980285644,0.007553113579437851,filter_cat,wrapper_RFECV,DecisionTreeClassifier(),"{'data_prep__category_pipe__features_select__strategy': 'filter_cat', 'data_prep__numeric_pipe__features_select__strategy': 'wrapper_RFECV', 'model': DecisionTreeClassifier()}",0.9821428571428571,0.9642857142857143,0.9642857142857143,1.0,1.0,0.9821428571428571,0.01597191412499849,23,0.9767441860465117,0.9500000000000001,0.9545454545454545,1.0,1.0,0.9762579281183932,0.021394011774146942,35,0.9545454545454546,1.0,0.9130434782608695,1.0,1.0,0.9735177865612649,0.03498861023925808,16,1.0,0.9047619047619048,1.0,1.0,1.0,0.980952380952381,0.03809523809523809,34
6.857277202606201,0.7760048986866722,0.18929553031921387,0.022055764095707177,filter_cat,wrapper_RFECV,RandomForestClassifier(),"{'data_prep__category_pipe__features_select__strategy': 'filter_cat', 'data_prep__numeric_pipe__features_select__strategy': 'wrapper_RFECV', 'model': RandomForestClassifier()}",1.0,0.9642857142857143,1.0,1.0,1.0,0.9928571428571429,0.01428571428571428,1,1.0,0.9500000000000001,1.0,1.0,1.0,0.99,0.019999999999999976,2,1.0,1.0,1.0,1.0,1.0,1.0,0.0,1,1.0,0.9047619047619048,1.0,1.0,1.0,0.980952380952381,0.03809523809523809,34
0.05146279335021973,0.002645998012974319,0.0,0.0,filter_cat,wrapper_BackElim,SGDClassifier(),"{'data_prep__category_pipe__features_select__strategy': 'filter_cat', 'data_prep__numeric_pipe__features_select__strategy': 'wrapper_BackElim', 'model': SGDClassifier()}",,,,,,,,157,,,,,,,,157,,,,,,,,157,,,,,,,,157
0.051263427734375,0.003252753507150157,0.0,0.0,filter_cat,wrapper_BackElim,LogisticRegression(),"{'data_prep__category_pipe__features_select__strategy': 'filter_cat', 'data_prep__numeric_pipe__features_select__strategy': 'wrapper_BackElim', 'model': LogisticRegression()}",,,,,,,,158,,,,,,,,158,,,,,,,,158,,,,,,,,158
0.05545191764831543,0.006295349347399885,0.0,0.0,filter_cat,wrapper_BackElim,LinearSVC(),"{'data_prep__category_pipe__features_select__strategy': 'filter_cat', 'data_prep__numeric_pipe__features_select__strategy': 'wrapper_BackElim', 'model': LinearSVC()}",,,,,,,,159,,,,,,,,159,,,,,,,,159,,,,,,,,159
0.058045148849487305,0.007761293881474563,0.0,0.0,filter_cat,wrapper_BackElim,SVC(),"{'data_prep__category_pipe__features_select__strategy': 'filter_cat', 'data_prep__numeric_pipe__features_select__strategy': 'wrapper_BackElim', 'model': SVC()}",,,,,,,,160,,,,,,,,160,,,,,,,,160,,,,,,,,160
0.05704545974731445,0.005213397478380426,0.0,0.0,filter_cat,wrapper_BackElim,DecisionTreeClassifier(),"{'data_prep__category_pipe__features_select__strategy': 'filter_cat', 'data_prep__numeric_pipe__features_select__strategy': 'wrapper_BackElim', 'model': DecisionTreeClassifier()}",,,,,,,,161,,,,,,,,161,,,,,,,,161,,,,,,,,161
0.0530585765838623,0.004009457783067106,0.0,0.0,filter_cat,wrapper_BackElim,RandomForestClassifier(),"{'data_prep__category_pipe__features_select__strategy': 'filter_cat', 'data_prep__numeric_pipe__features_select__strategy': 'wrapper_BackElim', 'model': RandomForestClassifier()}",,,,,,,,162,,,,,,,,162,,,,,,,,162,,,,,,,,162
0.19128947257995604,0.005829065393515571,0.0,0.0,filter_cat,LassoCV,SGDClassifier(),"{'data_prep__category_pipe__features_select__strategy': 'filter_cat', 'data_prep__numeric_pipe__features_select__strategy': 'LassoCV', 'model': SGDClassifier()}",,,,,,,,163,,,,,,,,163,,,,,,,,163,,,,,,,,163
0.18670120239257812,0.011586428159676096,0.0,0.0,filter_cat,LassoCV,LogisticRegression(),"{'data_prep__category_pipe__features_select__strategy': 'filter_cat', 'data_prep__numeric_pipe__features_select__strategy': 'LassoCV', 'model': LogisticRegression()}",,,,,,,,164,,,,,,,,164,,,,,,,,164,,,,,,,,164
0.18729853630065918,0.006192624628317242,0.0,0.0,filter_cat,LassoCV,LinearSVC(),"{'data_prep__category_pipe__features_select__strategy': 'filter_cat', 'data_prep__numeric_pipe__features_select__strategy': 'LassoCV', 'model': LinearSVC()}",,,,,,,,165,,,,,,,,165,,,,,,,,165,,,,,,,,165
0.19268555641174318,0.018231554332584707,0.0,0.0,filter_cat,LassoCV,SVC(),"{'data_prep__category_pipe__features_select__strategy': 'filter_cat', 'data_prep__numeric_pipe__features_select__strategy': 'LassoCV', 'model': SVC()}",,,,,,,,166,,,,,,,,166,,,,,,,,166,,,,,,,,166
0.18091845512390137,0.01514920781732122,0.0,0.0,filter_cat,LassoCV,DecisionTreeClassifier(),"{'data_prep__category_pipe__features_select__strategy': 'filter_cat', 'data_prep__numeric_pipe__features_select__strategy': 'LassoCV', 'model': DecisionTreeClassifier()}",,,,,,,,167,,,,,,,,167,,,,,,,,167,,,,,,,,167
0.18849658966064453,0.01210039755360892,0.0,0.0,filter_cat,LassoCV,RandomForestClassifier(),"{'data_prep__category_pipe__features_select__strategy': 'filter_cat', 'data_prep__numeric_pipe__features_select__strategy': 'LassoCV', 'model': RandomForestClassifier()}",,,,,,,,168,,,,,,,,168,,,,,,,,168,,,,,,,,168
0.06004014015197754,0.008112280707257877,0.0,0.0,filter_cat,RidgeCV,SGDClassifier(),"{'data_prep__category_pipe__features_select__strategy': 'filter_cat', 'data_prep__numeric_pipe__features_select__strategy': 'RidgeCV', 'model': SGDClassifier()}",,,,,,,,169,,,,,,,,169,,,,,,,,169,,,,,,,,169
0.05266041755676269,0.0034185386000675517,0.0,0.0,filter_cat,RidgeCV,LogisticRegression(),"{'data_prep__category_pipe__features_select__strategy': 'filter_cat', 'data_prep__numeric_pipe__features_select__strategy': 'RidgeCV', 'model': LogisticRegression()}",,,,,,,,170,,,,,,,,170,,,,,,,,170,,,,,,,,170
0.05884308815002441,0.005984163302349811,0.0,0.0,filter_cat,RidgeCV,LinearSVC(),"{'data_prep__category_pipe__features_select__strategy': 'filter_cat', 'data_prep__numeric_pipe__features_select__strategy': 'RidgeCV', 'model': LinearSVC()}",,,,,,,,171,,,,,,,,171,,,,,,,,171,,,,,,,,171
0.05904021263122559,0.007914335430785005,0.0,0.0,filter_cat,RidgeCV,SVC(),"{'data_prep__category_pipe__features_select__strategy': 'filter_cat', 'data_prep__numeric_pipe__features_select__strategy': 'RidgeCV', 'model': SVC()}",,,,,,,,172,,,,,,,,172,,,,,,,,172,,,,,,,,172
0.05465517044067383,0.009615379287293127,0.0,0.0,filter_cat,RidgeCV,DecisionTreeClassifier(),"{'data_prep__category_pipe__features_select__strategy': 'filter_cat', 'data_prep__numeric_pipe__features_select__strategy': 'RidgeCV', 'model': DecisionTreeClassifier()}",,,,,,,,173,,,,,,,,173,,,,,,,,173,,,,,,,,173
0.053457784652709964,0.01088144998334166,0.0,0.0,filter_cat,RidgeCV,RandomForestClassifier(),"{'data_prep__category_pipe__features_select__strategy': 'filter_cat', 'data_prep__numeric_pipe__features_select__strategy': 'RidgeCV', 'model': RandomForestClassifier()}",,,,,,,,156,,,,,,,,156,,,,,,,,156,,,,,,,,156
0.2838449001312256,0.044332603793206284,0.1426161289215088,0.011831744923737335,filter_mutinf,filter_num,SGDClassifier(),"{'data_prep__category_pipe__features_select__strategy': 'filter_mutinf', 'data_prep__numeric_pipe__features_select__strategy': 'filter_num', 'model': SGDClassifier()}",0.9642857142857143,1.0,1.0,0.9642857142857143,1.0,0.9857142857142858,0.01749635530559412,15,0.9545454545454545,1.0,1.0,0.9500000000000001,1.0,0.9809090909090908,0.023425634048591135,20,0.9130434782608695,1.0,1.0,1.0,1.0,0.9826086956521738,0.034782608695652195,12,1.0,1.0,1.0,0.9047619047619048,1.0,0.980952380952381,0.03809523809523809,34
0.29082307815551756,0.01045225870282314,0.1494009017944336,0.009171077604498347,filter_mutinf,filter_num,LogisticRegression(),"{'data_prep__category_pipe__features_select__strategy': 'filter_mutinf', 'data_prep__numeric_pipe__features_select__strategy': 'filter_num', 'model': LogisticRegression()}",0.9821428571428571,1.0,0.9821428571428571,0.9821428571428571,0.9821428571428571,0.9857142857142858,0.007142857142857162,15,0.9767441860465117,1.0,0.9767441860465117,0.9767441860465117,0.9767441860465117,0.9813953488372092,0.009302325581395321,18,0.9545454545454546,1.0,0.9545454545454546,0.9545454545454546,0.9545454545454546,0.9636363636363636,0.018181818181818167,26,1.0,1.0,1.0,1.0,1.0,1.0,0.0,1
0.28304376602172854,0.0136218722680364,0.14561104774475098,0.008579573669331202,filter_mutinf,filter_num,LinearSVC(),"{'data_prep__category_pipe__features_select__strategy': 'filter_mutinf', 'data_prep__numeric_pipe__features_select__strategy': 'filter_num', 'model': LinearSVC()}",0.9642857142857143,1.0,1.0,0.9821428571428571,0.9821428571428571,0.9857142857142858,0.01336306209562122,15,0.9545454545454545,1.0,1.0,0.9767441860465117,0.9767441860465117,0.9816067653276956,0.017065907882123116,15,0.9130434782608695,1.0,1.0,0.9545454545454546,0.9545454545454546,0.9644268774703558,0.032761052624667365,20,1.0,1.0,1.0,1.0,1.0,1.0,0.0,1
0.29461278915405276,0.021919558922305942,0.15059981346130372,0.010874156422917884,filter_mutinf,filter_num,SVC(),"{'data_prep__category_pipe__features_select__strategy': 'filter_mutinf', 'data_prep__numeric_pipe__features_select__strategy': 'filter_num', 'model': SVC()}",0.9821428571428571,1.0,1.0,0.9821428571428571,0.9821428571428571,0.9892857142857142,0.008748177652797088,8,0.9767441860465117,1.0,1.0,0.9767441860465117,0.9767441860465117,0.9860465116279069,0.011392975547828702,9,0.9545454545454546,1.0,1.0,0.9545454545454546,0.9545454545454546,0.9727272727272727,0.022268088570756146,18,1.0,1.0,1.0,1.0,1.0,1.0,0.0,1
0.28543481826782224,0.012763043789447138,0.14840269088745117,0.007812757424960029,filter_mutinf,filter_num,DecisionTreeClassifier(),"{'data_prep__category_pipe__features_select__strategy': 'filter_mutinf', 'data_prep__numeric_pipe__features_select__strategy': 'filter_num', 'model': DecisionTreeClassifier()}",0.9642857142857143,0.9642857142857143,0.9821428571428571,1.0,0.9821428571428571,0.9785714285714284,0.013363062095621207,47,0.9545454545454545,0.9500000000000001,0.9767441860465117,1.0,0.9767441860465117,0.9716067653276956,0.01798278394451267,50,0.9130434782608695,1.0,0.9545454545454546,1.0,0.9545454545454546,0.9644268774703558,0.032761052624667365,20,1.0,0.9047619047619048,1.0,1.0,1.0,0.980952380952381,0.03809523809523809,34
0.6209416389465332,0.024418036625435072,0.1669534683227539,0.004828234318557555,filter_mutinf,filter_num,RandomForestClassifier(),"{'data_prep__category_pipe__features_select__strategy': 'filter_mutinf', 'data_prep__numeric_pipe__features_select__strategy': 'filter_num', 'model': RandomForestClassifier()}",1.0,0.9642857142857143,1.0,1.0,1.0,0.9928571428571429,0.01428571428571428,1,1.0,0.9500000000000001,1.0,1.0,1.0,0.99,0.019999999999999976,2,1.0,1.0,1.0,1.0,1.0,1.0,0.0,1,1.0,0.9047619047619048,1.0,1.0,1.0,0.980952380952381,0.03809523809523809,34
0.3781898021697998,0.018544353950736482,0.16575708389282226,0.02036457758640878,filter_mutinf,filter_mutinf,SGDClassifier(),"{'data_prep__category_pipe__features_select__strategy': 'filter_mutinf', 'data_prep__numeric_pipe__features_select__strategy': 'filter_mutinf', 'model': SGDClassifier()}",0.9821428571428571,1.0,0.9821428571428571,0.9821428571428571,0.9821428571428571,0.9857142857142858,0.007142857142857162,15,0.9767441860465117,1.0,0.9767441860465117,0.9767441860465117,0.9767441860465117,0.9813953488372092,0.009302325581395321,18,0.9545454545454546,1.0,0.9545454545454546,0.9545454545454546,0.9545454545454546,0.9636363636363636,0.018181818181818167,26,1.0,1.0,1.0,1.0,1.0,1.0,0.0,1
0.41389780044555663,0.016841346873635865,0.16794748306274415,0.01626391624257194,filter_mutinf,filter_mutinf,LogisticRegression(),"{'data_prep__category_pipe__features_select__strategy': 'filter_mutinf', 'data_prep__numeric_pipe__features_select__strategy': 'filter_mutinf', 'model': LogisticRegression()}",0.9821428571428571,1.0,0.9821428571428571,0.9821428571428571,0.9642857142857143,0.9821428571428571,0.011293848786315635,23,0.9767441860465117,1.0,0.9767441860465117,0.9767441860465117,0.9545454545454545,0.9769556025369978,0.01437632135306556,33,0.9545454545454546,1.0,0.9545454545454546,0.9545454545454546,0.9130434782608695,0.9553359683794467,0.02751510558728399,37,1.0,1.0,1.0,1.0,1.0,1.0,0.0,1
0.4087067127227783,0.007119601249615047,0.1603714942932129,0.00912835985490317,filter_mutinf,filter_mutinf,LinearSVC(),"{'data_prep__category_pipe__features_select__strategy': 'filter_mutinf', 'data_prep__numeric_pipe__features_select__strategy': 'filter_mutinf', 'model': LinearSVC()}",0.9642857142857143,1.0,1.0,0.9821428571428571,0.9821428571428571,0.9857142857142858,0.01336306209562122,15,0.9545454545454545,1.0,1.0,0.9767441860465117,0.9767441860465117,0.9816067653276956,0.017065907882123116,15,0.9130434782608695,1.0,1.0,0.9545454545454546,0.9545454545454546,0.9644268774703558,0.032761052624667365,20,1.0,1.0,1.0,1.0,1.0,1.0,0.0,1
0.42666020393371584,0.02056934210499316,0.16755194664001466,0.0070520983890175306,filter_mutinf,filter_mutinf,SVC(),"{'data_prep__category_pipe__features_select__strategy': 'filter_mutinf', 'data_prep__numeric_pipe__features_select__strategy': 'filter_mutinf', 'model': SVC()}",0.9642857142857143,1.0,1.0,0.9821428571428571,0.9642857142857143,0.9821428571428571,0.01597191412499849,23,0.9545454545454545,1.0,1.0,0.9767441860465117,0.9545454545454545,0.9771670190274842,0.02032899007398839,23,0.9130434782608695,1.0,1.0,0.9545454545454546,0.9130434782608695,0.9561264822134387,0.038896172648672095,29,1.0,1.0,1.0,1.0,1.0,1.0,0.0,1
0.4232694149017334,0.02174646049543404,0.16096949577331543,0.014827506758912454,filter_mutinf,filter_mutinf,DecisionTreeClassifier(),"{'data_prep__category_pipe__features_select__strategy': 'filter_mutinf', 'data_prep__numeric_pipe__features_select__strategy': 'filter_mutinf', 'model': DecisionTreeClassifier()}",1.0,0.9642857142857143,0.9821428571428571,1.0,1.0,0.9892857142857142,0.014285714285714285,8,1.0,0.9500000000000001,0.9767441860465117,1.0,1.0,0.9853488372093023,0.01983708661594055,10,1.0,1.0,0.9545454545454546,1.0,1.0,0.990909090909091,0.018181818181818167,7,1.0,0.9047619047619048,1.0,1.0,1.0,0.980952380952381,0.03809523809523809,34
0.7617645740509034,0.006288814721476914,0.17572999000549316,0.005404205710738383,filter_mutinf,filter_mutinf,RandomForestClassifier(),"{'data_prep__category_pipe__features_select__strategy': 'filter_mutinf', 'data_prep__numeric_pipe__features_select__strategy': 'filter_mutinf', 'model': RandomForestClassifier()}",1.0,0.9642857142857143,1.0,1.0,1.0,0.9928571428571429,0.01428571428571428,1,1.0,0.9500000000000001,1.0,1.0,1.0,0.99,0.019999999999999976,2,1.0,1.0,1.0,1.0,1.0,1.0,0.0,1,1.0,0.9047619047619048,1.0,1.0,1.0,0.980952380952381,0.03809523809523809,34
6.186469602584839,0.3241783968869624,0.1529911994934082,0.006782032466640243,filter_mutinf,wrapper_RFECV,SGDClassifier(),"{'data_prep__category_pipe__features_select__strategy': 'filter_mutinf', 'data_prep__numeric_pipe__features_select__strategy': 'wrapper_RFECV', 'model': SGDClassifier()}",1.0,0.7857142857142857,0.9464285714285714,0.9821428571428571,0.9821428571428571,0.9392857142857143,0.07873359887517357,53,1.0,0.6,0.9333333333333333,0.9767441860465117,0.9767441860465117,0.8973643410852713,0.15023695803990467,53,1.0,1.0,0.875,0.9545454545454546,0.9545454545454546,0.9568181818181818,0.04568125282327677,28,1.0,0.42857142857142855,1.0,1.0,1.0,0.8857142857142858,0.22857142857142856,53
6.152964544296265,0.2967984602419786,0.15717973709106445,0.018802474180270357,filter_mutinf,wrapper_RFECV,LogisticRegression(),"{'data_prep__category_pipe__features_select__strategy': 'filter_mutinf', 'data_prep__numeric_pipe__features_select__strategy': 'wrapper_RFECV', 'model': LogisticRegression()}",0.9642857142857143,1.0,0.9821428571428571,0.9821428571428571,0.9642857142857143,0.9785714285714286,0.013363062095621206,36,0.9545454545454545,1.0,0.9767441860465117,0.9767441860465117,0.9545454545454545,0.9725158562367865,0.016952913485606343,39,0.9130434782608695,1.0,0.9545454545454546,0.9545454545454546,0.9130434782608695,0.9470355731225297,0.03233868327127712,44,1.0,1.0,1.0,1.0,1.0,1.0,0.0,1
6.527510118484497,0.5098385486996263,0.17916173934936525,0.035736832431705494,filter_mutinf,wrapper_RFECV,LinearSVC(),"{'data_prep__category_pipe__features_select__strategy': 'filter_mutinf', 'data_prep__numeric_pipe__features_select__strategy': 'wrapper_RFECV', 'model': LinearSVC()}",0.9642857142857143,1.0,1.0,0.9821428571428571,0.9821428571428571,0.9857142857142858,0.01336306209562122,15,0.9545454545454545,1.0,1.0,0.9767441860465117,0.9767441860465117,0.9816067653276956,0.017065907882123116,15,0.9130434782608695,1.0,1.0,0.9545454545454546,0.9545454545454546,0.9644268774703558,0.032761052624667365,20,1.0,1.0,1.0,1.0,1.0,1.0,0.0,1
7.118093395233155,0.8476933829634816,0.17632899284362794,0.018737124479934652,filter_mutinf,wrapper_RFECV,SVC(),"{'data_prep__category_pipe__features_select__strategy': 'filter_mutinf', 'data_prep__numeric_pipe__features_select__strategy': 'wrapper_RFECV', 'model': SVC()}",0.9464285714285714,1.0,1.0,0.9821428571428571,0.9642857142857143,0.9785714285714284,0.02082482819587608,47,0.9333333333333333,1.0,1.0,0.9767441860465117,0.9545454545454545,0.9729245947850599,0.02602308664166118,36,0.875,1.0,1.0,0.9545454545454546,0.9130434782608695,0.9485177865612648,0.04899073559906971,41,1.0,1.0,1.0,1.0,1.0,1.0,0.0,1
7.935098934173584,0.6862695866898136,0.17852330207824707,0.016913042931509786,filter_mutinf,wrapper_RFECV,DecisionTreeClassifier(),"{'data_prep__category_pipe__features_select__strategy': 'filter_mutinf', 'data_prep__numeric_pipe__features_select__strategy': 'wrapper_RFECV', 'model': DecisionTreeClassifier()}",0.9642857142857143,0.9642857142857143,0.9642857142857143,1.0,1.0,0.9785714285714284,0.01749635530559412,47,0.9545454545454545,0.9500000000000001,0.9545454545454545,1.0,1.0,0.9718181818181819,0.0230701409826355,49,0.9130434782608695,1.0,0.9130434782608695,1.0,1.0,0.9652173913043478,0.04259982161362051,19,1.0,0.9047619047619048,1.0,1.0,1.0,0.980952380952381,0.03809523809523809,34
9.059018087387084,0.7148418312171477,0.20525116920471193,0.03042403765292856,filter_mutinf,wrapper_RFECV,RandomForestClassifier(),"{'data_prep__category_pipe__features_select__strategy': 'filter_mutinf', 'data_prep__numeric_pipe__features_select__strategy': 'wrapper_RFECV', 'model': RandomForestClassifier()}",1.0,0.9642857142857143,1.0,1.0,1.0,0.9928571428571429,0.01428571428571428,1,1.0,0.9500000000000001,1.0,1.0,1.0,0.99,0.019999999999999976,2,1.0,1.0,1.0,1.0,1.0,1.0,0.0,1,1.0,0.9047619047619048,1.0,1.0,1.0,0.980952380952381,0.03809523809523809,34
0.06204037666320801,0.012550173704358117,0.0,0.0,filter_mutinf,wrapper_BackElim,SGDClassifier(),"{'data_prep__category_pipe__features_select__strategy': 'filter_mutinf', 'data_prep__numeric_pipe__features_select__strategy': 'wrapper_BackElim', 'model': SGDClassifier()}",,,,,,,,155,,,,,,,,155,,,,,,,,155,,,,,,,,155
0.0857689380645752,0.02689421868705166,0.0,0.0,filter_mutinf,wrapper_BackElim,LogisticRegression(),"{'data_prep__category_pipe__features_select__strategy': 'filter_mutinf', 'data_prep__numeric_pipe__features_select__strategy': 'wrapper_BackElim', 'model': LogisticRegression()}",,,,,,,,154,,,,,,,,154,,,,,,,,154,,,,,,,,154
0.07200756072998046,0.009300189233050923,0.0,0.0,filter_mutinf,wrapper_BackElim,LinearSVC(),"{'data_prep__category_pipe__features_select__strategy': 'filter_mutinf', 'data_prep__numeric_pipe__features_select__strategy': 'wrapper_BackElim', 'model': LinearSVC()}",,,,,,,,144,,,,,,,,144,,,,,,,,144,,,,,,,,144
0.06562385559082032,0.008818897250580793,0.0,0.0,filter_mutinf,wrapper_BackElim,SVC(),"{'data_prep__category_pipe__features_select__strategy': 'filter_mutinf', 'data_prep__numeric_pipe__features_select__strategy': 'wrapper_BackElim', 'model': SVC()}",,,,,,,,137,,,,,,,,137,,,,,,,,137,,,,,,,,137
0.07599930763244629,0.012841915531321893,0.0,0.0,filter_mutinf,wrapper_BackElim,DecisionTreeClassifier(),"{'data_prep__category_pipe__features_select__strategy': 'filter_mutinf', 'data_prep__numeric_pipe__features_select__strategy': 'wrapper_BackElim', 'model': DecisionTreeClassifier()}",,,,,,,,138,,,,,,,,138,,,,,,,,138,,,,,,,,138
0.06502575874328613,0.008449168433786193,0.0,0.0,filter_mutinf,wrapper_BackElim,RandomForestClassifier(),"{'data_prep__category_pipe__features_select__strategy': 'filter_mutinf', 'data_prep__numeric_pipe__features_select__strategy': 'wrapper_BackElim', 'model': RandomForestClassifier()}",,,,,,,,139,,,,,,,,139,,,,,,,,139,,,,,,,,139
0.22958645820617676,0.031446130936423115,0.0,0.0,filter_mutinf,LassoCV,SGDClassifier(),"{'data_prep__category_pipe__features_select__strategy': 'filter_mutinf', 'data_prep__numeric_pipe__features_select__strategy': 'LassoCV', 'model': SGDClassifier()}",,,,,,,,140,,,,,,,,140,,,,,,,,140,,,,,,,,140
0.29847397804260256,0.02930164279992062,0.0,0.0,filter_mutinf,LassoCV,LogisticRegression(),"{'data_prep__category_pipe__features_select__strategy': 'filter_mutinf', 'data_prep__numeric_pipe__features_select__strategy': 'LassoCV', 'model': LogisticRegression()}",,,,,,,,141,,,,,,,,141,,,,,,,,141,,,,,,,,141
0.25214080810546874,0.047095498971403665,0.0,0.0,filter_mutinf,LassoCV,LinearSVC(),"{'data_prep__category_pipe__features_select__strategy': 'filter_mutinf', 'data_prep__numeric_pipe__features_select__strategy': 'LassoCV', 'model': LinearSVC()}",,,,,,,,142,,,,,,,,142,,,,,,,,142,,,,,,,,142
0.207047176361084,0.01313475896102176,0.0,0.0,filter_mutinf,LassoCV,SVC(),"{'data_prep__category_pipe__features_select__strategy': 'filter_mutinf', 'data_prep__numeric_pipe__features_select__strategy': 'LassoCV', 'model': SVC()}",,,,,,,,143,,,,,,,,143,,,,,,,,143,,,,,,,,143
0.27618136405944826,0.04106873537402185,0.0,0.0,filter_mutinf,LassoCV,DecisionTreeClassifier(),"{'data_prep__category_pipe__features_select__strategy': 'filter_mutinf', 'data_prep__numeric_pipe__features_select__strategy': 'LassoCV', 'model': DecisionTreeClassifier()}",,,,,,,,145,,,,,,,,145,,,,,,,,145,,,,,,,,145
0.29412283897399905,0.04791764002895415,0.0,0.0,filter_mutinf,LassoCV,RandomForestClassifier(),"{'data_prep__category_pipe__features_select__strategy': 'filter_mutinf', 'data_prep__numeric_pipe__features_select__strategy': 'LassoCV', 'model': RandomForestClassifier()}",,,,,,,,153,,,,,,,,153,,,,,,,,153,,,,,,,,153
0.1019279956817627,0.0179229663507026,0.0,0.0,filter_mutinf,RidgeCV,SGDClassifier(),"{'data_prep__category_pipe__features_select__strategy': 'filter_mutinf', 'data_prep__numeric_pipe__features_select__strategy': 'RidgeCV', 'model': SGDClassifier()}",,,,,,,,146,,,,,,,,146,,,,,,,,146,,,,,,,,146
0.08936109542846679,0.023241277236154254,0.0,0.0,filter_mutinf,RidgeCV,LogisticRegression(),"{'data_prep__category_pipe__features_select__strategy': 'filter_mutinf', 'data_prep__numeric_pipe__features_select__strategy': 'RidgeCV', 'model': LogisticRegression()}",,,,,,,,147,,,,,,,,147,,,,,,,,147,,,,,,,,147
0.07041339874267578,0.03331976361096081,0.0,0.0,filter_mutinf,RidgeCV,LinearSVC(),"{'data_prep__category_pipe__features_select__strategy': 'filter_mutinf', 'data_prep__numeric_pipe__features_select__strategy': 'RidgeCV', 'model': LinearSVC()}",,,,,,,,148,,,,,,,,148,,,,,,,,148,,,,,,,,148
0.06662311553955078,0.01632144759264946,0.0,0.0,filter_mutinf,RidgeCV,SVC(),"{'data_prep__category_pipe__features_select__strategy': 'filter_mutinf', 'data_prep__numeric_pipe__features_select__strategy': 'RidgeCV', 'model': SVC()}",,,,,,,,149,,,,,,,,149,,,,,,,,149,,,,,,,,149
0.05525217056274414,0.004069128976463069,0.0,0.0,filter_mutinf,RidgeCV,DecisionTreeClassifier(),"{'data_prep__category_pipe__features_select__strategy': 'filter_mutinf', 'data_prep__numeric_pipe__features_select__strategy': 'RidgeCV', 'model': DecisionTreeClassifier()}",,,,,,,,150,,,,,,,,150,,,,,,,,150,,,,,,,,150
0.06183505058288574,0.014993811251243723,0.0,0.0,filter_mutinf,RidgeCV,RandomForestClassifier(),"{'data_prep__category_pipe__features_select__strategy': 'filter_mutinf', 'data_prep__numeric_pipe__features_select__strategy': 'RidgeCV', 'model': RandomForestClassifier()}",,,,,,,,151,,,,,,,,151,,,,,,,,151,,,,,,,,151
1.0723345279693604,0.041489447541725843,0.15378909111022948,0.0074470182148177995,wrapper_RFECV,filter_num,SGDClassifier(),"{'data_prep__category_pipe__features_select__strategy': 'wrapper_RFECV', 'data_prep__numeric_pipe__features_select__strategy': 'filter_num', 'model': SGDClassifier()}",0.9821428571428571,1.0,1.0,1.0,0.9821428571428571,0.9928571428571429,0.008748177652797088,1,0.9767441860465117,1.0,1.0,1.0,0.9767441860465117,0.9906976744186047,0.011392975547828702,1,0.9545454545454546,1.0,1.0,1.0,0.9545454545454546,0.9818181818181818,0.022268088570756146,15,1.0,1.0,1.0,1.0,1.0,1.0,0.0,1
1.1569087505340576,0.09732442391614447,0.16954665184020995,0.020204501060276037,wrapper_RFECV,filter_num,LogisticRegression(),"{'data_prep__category_pipe__features_select__strategy': 'wrapper_RFECV', 'data_prep__numeric_pipe__features_select__strategy': 'filter_num', 'model': LogisticRegression()}",0.9642857142857143,1.0,1.0,0.9821428571428571,0.9642857142857143,0.9821428571428571,0.01597191412499849,23,0.9545454545454545,1.0,1.0,0.9767441860465117,0.9545454545454545,0.9771670190274842,0.02032899007398839,23,0.9130434782608695,1.0,1.0,0.9545454545454546,0.9130434782608695,0.9561264822134387,0.038896172648672095,29,1.0,1.0,1.0,1.0,1.0,1.0,0.0,1
1.1816452026367188,0.14605730781117546,0.18051576614379883,0.03500255208615431,wrapper_RFECV,filter_num,LinearSVC(),"{'data_prep__category_pipe__features_select__strategy': 'wrapper_RFECV', 'data_prep__numeric_pipe__features_select__strategy': 'filter_num', 'model': LinearSVC()}",0.9642857142857143,1.0,0.9821428571428571,0.9821428571428571,0.9642857142857143,0.9785714285714286,0.013363062095621206,36,0.9545454545454545,1.0,0.9767441860465117,0.9767441860465117,0.9545454545454545,0.9725158562367865,0.016952913485606343,39,0.9130434782608695,1.0,0.9545454545454546,0.9545454545454546,0.9130434782608695,0.9470355731225297,0.03233868327127712,44,1.0,1.0,1.0,1.0,1.0,1.0,0.0,1
1.4062441349029542,0.1500779604929477,0.1932821750640869,0.02627589638068678,wrapper_RFECV,filter_num,SVC(),"{'data_prep__category_pipe__features_select__strategy': 'wrapper_RFECV', 'data_prep__numeric_pipe__features_select__strategy': 'filter_num', 'model': SVC()}",0.9642857142857143,1.0,1.0,0.9821428571428571,0.9642857142857143,0.9821428571428571,0.01597191412499849,23,0.9545454545454545,1.0,1.0,0.9767441860465117,0.9545454545454545,0.9771670190274842,0.02032899007398839,23,0.9130434782608695,1.0,1.0,0.9545454545454546,0.9130434782608695,0.9561264822134387,0.038896172648672095,29,1.0,1.0,1.0,1.0,1.0,1.0,0.0,1
1.1914165019989014,0.09214088792777637,0.1725386619567871,0.02219437569810504,wrapper_RFECV,filter_num,DecisionTreeClassifier(),"{'data_prep__category_pipe__features_select__strategy': 'wrapper_RFECV', 'data_prep__numeric_pipe__features_select__strategy': 'filter_num', 'model': DecisionTreeClassifier()}",0.9642857142857143,0.9642857142857143,0.9821428571428571,1.0,0.9821428571428571,0.9785714285714284,0.013363062095621207,47,0.9545454545454545,0.9500000000000001,0.9767441860465117,1.0,0.9767441860465117,0.9716067653276956,0.01798278394451267,50,0.9130434782608695,1.0,0.9545454545454546,1.0,0.9545454545454546,0.9644268774703558,0.032761052624667365,20,1.0,0.9047619047619048,1.0,1.0,1.0,0.980952380952381,0.03809523809523809,34
1.5995266437530518,0.09105065198085505,0.19467926025390625,0.008208937627617971,wrapper_RFECV,filter_num,RandomForestClassifier(),"{'data_prep__category_pipe__features_select__strategy': 'wrapper_RFECV', 'data_prep__numeric_pipe__features_select__strategy': 'filter_num', 'model': RandomForestClassifier()}",1.0,0.9642857142857143,1.0,1.0,0.9821428571428571,0.9892857142857142,0.014285714285714285,8,1.0,0.9500000000000001,1.0,1.0,0.9767441860465117,0.9853488372093023,0.01983708661594055,10,1.0,1.0,1.0,1.0,0.9545454545454546,0.990909090909091,0.018181818181818167,7,1.0,0.9047619047619048,1.0,1.0,1.0,0.980952380952381,0.03809523809523809,34
1.28237042427063,0.10041322486607875,0.16276445388793945,0.018329557755008087,wrapper_RFECV,filter_mutinf,SGDClassifier(),"{'data_prep__category_pipe__features_select__strategy': 'wrapper_RFECV', 'data_prep__numeric_pipe__features_select__strategy': 'filter_mutinf', 'model': SGDClassifier()}",0.9642857142857143,1.0,1.0,1.0,0.9821428571428571,0.9892857142857142,0.014285714285714285,8,0.9545454545454545,1.0,1.0,1.0,0.9767441860465117,0.9862579281183933,0.01823582127090727,8,0.9130434782608695,1.0,1.0,1.0,0.9545454545454546,0.9735177865612649,0.034988610239258075,16,1.0,1.0,1.0,1.0,1.0,1.0,0.0,1
1.2897517681121826,0.12482298288938172,0.1547865867614746,0.0044333878304531945,wrapper_RFECV,filter_mutinf,LogisticRegression(),"{'data_prep__category_pipe__features_select__strategy': 'wrapper_RFECV', 'data_prep__numeric_pipe__features_select__strategy': 'filter_mutinf', 'model': LogisticRegression()}",0.9642857142857143,1.0,1.0,0.9821428571428571,0.9642857142857143,0.9821428571428571,0.01597191412499849,23,0.9545454545454545,1.0,1.0,0.9767441860465117,0.9545454545454545,0.9771670190274842,0.02032899007398839,23,0.9130434782608695,1.0,1.0,0.9545454545454546,0.9130434782608695,0.9561264822134387,0.038896172648672095,29,1.0,1.0,1.0,1.0,1.0,1.0,0.0,1
1.232509708404541,0.07579991899673562,0.17672429084777833,0.02427278829404589,wrapper_RFECV,filter_mutinf,LinearSVC(),"{'data_prep__category_pipe__features_select__strategy': 'wrapper_RFECV', 'data_prep__numeric_pipe__features_select__strategy': 'filter_mutinf', 'model': LinearSVC()}",0.9642857142857143,1.0,1.0,0.9821428571428571,0.9642857142857143,0.9821428571428571,0.01597191412499849,23,0.9545454545454545,1.0,1.0,0.9767441860465117,0.9545454545454545,0.9771670190274842,0.02032899007398839,23,0.9130434782608695,1.0,1.0,0.9545454545454546,0.9130434782608695,0.9561264822134387,0.038896172648672095,29,1.0,1.0,1.0,1.0,1.0,1.0,0.0,1
1.306679916381836,0.1394114340152403,0.17829389572143556,0.022822858138132496,wrapper_RFECV,filter_mutinf,SVC(),"{'data_prep__category_pipe__features_select__strategy': 'wrapper_RFECV', 'data_prep__numeric_pipe__features_select__strategy': 'filter_mutinf', 'model': SVC()}",0.9464285714285714,1.0,1.0,0.9821428571428571,0.9642857142857143,0.9785714285714284,0.02082482819587608,47,0.9333333333333333,1.0,1.0,0.9767441860465117,0.9545454545454545,0.9729245947850599,0.02602308664166118,36,0.875,1.0,1.0,0.9545454545454546,0.9130434782608695,0.9485177865612648,0.04899073559906971,41,1.0,1.0,1.0,1.0,1.0,1.0,0.0,1
1.4537735462188721,0.1939572529569809,0.17672305107116698,0.019841181638517058,wrapper_RFECV,filter_mutinf,DecisionTreeClassifier(),"{'data_prep__category_pipe__features_select__strategy': 'wrapper_RFECV', 'data_prep__numeric_pipe__features_select__strategy': 'filter_mutinf', 'model': DecisionTreeClassifier()}",1.0,0.9642857142857143,1.0,0.9821428571428571,1.0,0.9892857142857142,0.014285714285714285,8,1.0,0.9500000000000001,1.0,0.9767441860465117,1.0,0.9853488372093023,0.01983708661594055,10,1.0,1.0,1.0,0.9545454545454546,1.0,0.990909090909091,0.018181818181818167,7,1.0,0.9047619047619048,1.0,1.0,1.0,0.980952380952381,0.03809523809523809,34
1.707646369934082,0.23593622634155995,0.18131537437438966,0.01648992349896321,wrapper_RFECV,filter_mutinf,RandomForestClassifier(),"{'data_prep__category_pipe__features_select__strategy': 'wrapper_RFECV', 'data_prep__numeric_pipe__features_select__strategy': 'filter_mutinf', 'model': RandomForestClassifier()}",1.0,0.9642857142857143,1.0,1.0,1.0,0.9928571428571429,0.01428571428571428,1,1.0,0.9500000000000001,1.0,1.0,1.0,0.99,0.019999999999999976,2,1.0,1.0,1.0,1.0,1.0,1.0,0.0,1,1.0,0.9047619047619048,1.0,1.0,1.0,0.980952380952381,0.03809523809523809,34
8.84293179512024,0.6184660446094506,0.17313704490661622,0.014197707960113725,wrapper_RFECV,wrapper_RFECV,SGDClassifier(),"{'data_prep__category_pipe__features_select__strategy': 'wrapper_RFECV', 'data_prep__numeric_pipe__features_select__strategy': 'wrapper_RFECV', 'model': SGDClassifier()}",0.9642857142857143,1.0,1.0,0.9821428571428571,0.9642857142857143,0.9821428571428571,0.01597191412499849,23,0.9545454545454545,1.0,1.0,0.9767441860465117,0.9545454545454545,0.9771670190274842,0.02032899007398839,23,0.9130434782608695,1.0,1.0,0.9545454545454546,0.9130434782608695,0.9561264822134387,0.038896172648672095,29,1.0,1.0,1.0,1.0,1.0,1.0,0.0,1
8.053921222686768,0.5372994094388474,0.16116957664489745,0.017958757741245238,wrapper_RFECV,wrapper_RFECV,LogisticRegression(),"{'data_prep__category_pipe__features_select__strategy': 'wrapper_RFECV', 'data_prep__numeric_pipe__features_select__strategy': 'wrapper_RFECV', 'model': LogisticRegression()}",0.9642857142857143,1.0,1.0,0.9821428571428571,0.9642857142857143,0.9821428571428571,0.01597191412499849,23,0.9545454545454545,1.0,1.0,0.9767441860465117,0.9545454545454545,0.9771670190274842,0.02032899007398839,23,0.9130434782608695,1.0,1.0,0.9545454545454546,0.9130434782608695,0.9561264822134387,0.038896172648672095,29,1.0,1.0,1.0,1.0,1.0,1.0,0.0,1
7.554412746429444,0.4618805023492836,0.1503983497619629,0.01139566596918888,wrapper_RFECV,wrapper_RFECV,LinearSVC(),"{'data_prep__category_pipe__features_select__strategy': 'wrapper_RFECV', 'data_prep__numeric_pipe__features_select__strategy': 'wrapper_RFECV', 'model': LinearSVC()}",0.9642857142857143,1.0,1.0,0.9821428571428571,0.9642857142857143,0.9821428571428571,0.01597191412499849,23,0.9545454545454545,1.0,1.0,0.9767441860465117,0.9545454545454545,0.9771670190274842,0.02032899007398839,23,0.9130434782608695,1.0,1.0,0.9545454545454546,0.9130434782608695,0.9561264822134387,0.038896172648672095,29,1.0,1.0,1.0,1.0,1.0,1.0,0.0,1
7.404223442077637,0.6969255795278942,0.15508975982666015,0.007466041328070636,wrapper_RFECV,wrapper_RFECV,SVC(),"{'data_prep__category_pipe__features_select__strategy': 'wrapper_RFECV', 'data_prep__numeric_pipe__features_select__strategy': 'wrapper_RFECV', 'model': SVC()}",0.9464285714285714,1.0,1.0,0.9821428571428571,0.9642857142857143,0.9785714285714284,0.02082482819587608,47,0.9333333333333333,1.0,1.0,0.9767441860465117,0.9545454545454545,0.9729245947850599,0.02602308664166118,36,0.875,1.0,1.0,0.9545454545454546,0.9130434782608695,0.9485177865612648,0.04899073559906971,41,1.0,1.0,1.0,1.0,1.0,1.0,0.0,1
7.747623062133789,0.5280119360803643,0.1593715190887451,0.012464729133174857,wrapper_RFECV,wrapper_RFECV,DecisionTreeClassifier(),"{'data_prep__category_pipe__features_select__strategy': 'wrapper_RFECV', 'data_prep__numeric_pipe__features_select__strategy': 'wrapper_RFECV', 'model': DecisionTreeClassifier()}",1.0,0.9642857142857143,0.9642857142857143,1.0,1.0,0.9857142857142858,0.01749635530559412,15,1.0,0.9500000000000001,0.9545454545454545,1.0,1.0,0.9809090909090908,0.023425634048591135,20,1.0,1.0,0.9130434782608695,1.0,1.0,0.9826086956521738,0.034782608695652195,12,1.0,0.9047619047619048,1.0,1.0,1.0,0.980952380952381,0.03809523809523809,34
8.25992980003357,1.0518700258455354,0.1791210174560547,0.005970225802210123,wrapper_RFECV,wrapper_RFECV,RandomForestClassifier(),"{'data_prep__category_pipe__features_select__strategy': 'wrapper_RFECV', 'data_prep__numeric_pipe__features_select__strategy': 'wrapper_RFECV', 'model': RandomForestClassifier()}",1.0,0.9642857142857143,1.0,1.0,1.0,0.9928571428571429,0.01428571428571428,1,1.0,0.9500000000000001,1.0,1.0,1.0,0.99,0.019999999999999976,2,1.0,1.0,1.0,1.0,1.0,1.0,0.0,1,1.0,0.9047619047619048,1.0,1.0,1.0,0.980952380952381,0.03809523809523809,34
0.05086474418640137,0.002273473248947211,0.0,0.0,wrapper_RFECV,wrapper_BackElim,SGDClassifier(),"{'data_prep__category_pipe__features_select__strategy': 'wrapper_RFECV', 'data_prep__numeric_pipe__features_select__strategy': 'wrapper_BackElim', 'model': SGDClassifier()}",,,,,,,,152,,,,,,,,152,,,,,,,,152,,,,,,,,152
0.06382794380187988,0.006991424565646292,0.0,0.0,wrapper_RFECV,wrapper_BackElim,LogisticRegression(),"{'data_prep__category_pipe__features_select__strategy': 'wrapper_RFECV', 'data_prep__numeric_pipe__features_select__strategy': 'wrapper_BackElim', 'model': LogisticRegression()}",,,,,,,,174,,,,,,,,174,,,,,,,,174,,,,,,,,174
0.07898764610290528,0.005255602728174163,0.0,0.0,wrapper_RFECV,wrapper_BackElim,LinearSVC(),"{'data_prep__category_pipe__features_select__strategy': 'wrapper_RFECV', 'data_prep__numeric_pipe__features_select__strategy': 'wrapper_BackElim', 'model': LinearSVC()}",,,,,,,,176,,,,,,,,176,,,,,,,,176,,,,,,,,176
0.061833953857421874,0.010399073973128304,0.0,0.0,wrapper_RFECV,wrapper_BackElim,SVC(),"{'data_prep__category_pipe__features_select__strategy': 'wrapper_RFECV', 'data_prep__numeric_pipe__features_select__strategy': 'wrapper_BackElim', 'model': SVC()}",,,,,,,,215,,,,,,,,215,,,,,,,,215,,,,,,,,215
0.05545287132263184,0.003919853794601446,0.0,0.0,wrapper_RFECV,wrapper_BackElim,DecisionTreeClassifier(),"{'data_prep__category_pipe__features_select__strategy': 'wrapper_RFECV', 'data_prep__numeric_pipe__features_select__strategy': 'wrapper_BackElim', 'model': DecisionTreeClassifier()}",,,,,,,,177,,,,,,,,177,,,,,,,,177,,,,,,,,177
0.05924205780029297,0.006069976293214349,0.0,0.0,wrapper_RFECV,wrapper_BackElim,RandomForestClassifier(),"{'data_prep__category_pipe__features_select__strategy': 'wrapper_RFECV', 'data_prep__numeric_pipe__features_select__strategy': 'wrapper_BackElim', 'model': RandomForestClassifier()}",,,,,,,,198,,,,,,,,198,,,,,,,,198,,,,,,,,198
0.18670086860656737,0.025531777739701386,0.0,0.0,wrapper_RFECV,LassoCV,SGDClassifier(),"{'data_prep__category_pipe__features_select__strategy': 'wrapper_RFECV', 'data_prep__numeric_pipe__features_select__strategy': 'LassoCV', 'model': SGDClassifier()}",,,,,,,,199,,,,,,,,199,,,,,,,,199,,,,,,,,199
0.2028557300567627,0.03190909618794448,0.0,0.0,wrapper_RFECV,LassoCV,LogisticRegression(),"{'data_prep__category_pipe__features_select__strategy': 'wrapper_RFECV', 'data_prep__numeric_pipe__features_select__strategy': 'LassoCV', 'model': LogisticRegression()}",,,,,,,,200,,,,,,,,200,,,,,,,,200,,,,,,,,200
0.19288759231567382,0.005805752400601782,0.0,0.0,wrapper_RFECV,LassoCV,LinearSVC(),"{'data_prep__category_pipe__features_select__strategy': 'wrapper_RFECV', 'data_prep__numeric_pipe__features_select__strategy': 'LassoCV', 'model': LinearSVC()}",,,,,,,,201,,,,,,,,201,,,,,,,,201,,,,,,,,201
0.18450422286987306,0.009076688501968277,0.0,0.0,wrapper_RFECV,LassoCV,SVC(),"{'data_prep__category_pipe__features_select__strategy': 'wrapper_RFECV', 'data_prep__numeric_pipe__features_select__strategy': 'LassoCV', 'model': SVC()}",,,,,,,,202,,,,,,,,202,,,,,,,,202,,,,,,,,202
0.1865015983581543,0.011389094802971372,0.0,0.0,wrapper_RFECV,LassoCV,DecisionTreeClassifier(),"{'data_prep__category_pipe__features_select__strategy': 'wrapper_RFECV', 'data_prep__numeric_pipe__features_select__strategy': 'LassoCV', 'model': DecisionTreeClassifier()}",,,,,,,,203,,,,,,,,203,,,,,,,,203,,,,,,,,203
0.1871004581451416,0.005866483494245006,0.0,0.0,wrapper_RFECV,LassoCV,RandomForestClassifier(),"{'data_prep__category_pipe__features_select__strategy': 'wrapper_RFECV', 'data_prep__numeric_pipe__features_select__strategy': 'LassoCV', 'model': RandomForestClassifier()}",,,,,,,,204,,,,,,,,204,,,,,,,,204,,,,,,,,204
0.06881747245788575,0.009730611035518998,0.0,0.0,wrapper_RFECV,RidgeCV,SGDClassifier(),"{'data_prep__category_pipe__features_select__strategy': 'wrapper_RFECV', 'data_prep__numeric_pipe__features_select__strategy': 'RidgeCV', 'model': SGDClassifier()}",,,,,,,,205,,,,,,,,205,,,,,,,,205,,,,,,,,205
0.05824799537658691,0.006780179842461486,0.0,0.0,wrapper_RFECV,RidgeCV,LogisticRegression(),"{'data_prep__category_pipe__features_select__strategy': 'wrapper_RFECV', 'data_prep__numeric_pipe__features_select__strategy': 'RidgeCV', 'model': LogisticRegression()}",,,,,,,,206,,,,,,,,206,,,,,,,,206,,,,,,,,206
0.06622157096862794,0.009942382199454633,0.0,0.0,wrapper_RFECV,RidgeCV,LinearSVC(),"{'data_prep__category_pipe__features_select__strategy': 'wrapper_RFECV', 'data_prep__numeric_pipe__features_select__strategy': 'RidgeCV', 'model': LinearSVC()}",,,,,,,,207,,,,,,,,207,,,,,,,,207,,,,,,,,207
0.05944161415100098,0.006135447085126697,0.0,0.0,wrapper_RFECV,RidgeCV,SVC(),"{'data_prep__category_pipe__features_select__strategy': 'wrapper_RFECV', 'data_prep__numeric_pipe__features_select__strategy': 'RidgeCV', 'model': SVC()}",,,,,,,,208,,,,,,,,208,,,,,,,,208,,,,,,,,208
0.06263303756713867,0.008885321846450807,0.0,0.0,wrapper_RFECV,RidgeCV,DecisionTreeClassifier(),"{'data_prep__category_pipe__features_select__strategy': 'wrapper_RFECV', 'data_prep__numeric_pipe__features_select__strategy': 'RidgeCV', 'model': DecisionTreeClassifier()}",,,,,,,,209,,,,,,,,209,,,,,,,,209,,,,,,,,209
0.05505661964416504,0.008913126524821716,0.0,0.0,wrapper_RFECV,RidgeCV,RandomForestClassifier(),"{'data_prep__category_pipe__features_select__strategy': 'wrapper_RFECV', 'data_prep__numeric_pipe__features_select__strategy': 'RidgeCV', 'model': RandomForestClassifier()}",,,,,,,,135,,,,,,,,135,,,,,,,,135,,,,,,,,135
0.2082430362701416,0.027684634550746216,0.0,0.0,wrapper_BackElim,filter_num,SGDClassifier(),"{'data_prep__category_pipe__features_select__strategy': 'wrapper_BackElim', 'data_prep__numeric_pipe__features_select__strategy': 'filter_num', 'model': SGDClassifier()}",,,,,,,,211,,,,,,,,211,,,,,,,,211,,,,,,,,211
0.21223068237304688,0.02514742728345259,0.0,0.0,wrapper_BackElim,filter_num,LogisticRegression(),"{'data_prep__category_pipe__features_select__strategy': 'wrapper_BackElim', 'data_prep__numeric_pipe__features_select__strategy': 'filter_num', 'model': LogisticRegression()}",,,,,,,,212,,,,,,,,212,,,,,,,,212,,,,,,,,212
0.1984699249267578,0.017536769071365,0.0,0.0,wrapper_BackElim,filter_num,LinearSVC(),"{'data_prep__category_pipe__features_select__strategy': 'wrapper_BackElim', 'data_prep__numeric_pipe__features_select__strategy': 'filter_num', 'model': LinearSVC()}",,,,,,,,213,,,,,,,,213,,,,,,,,213,,,,,,,,213
0.1932836055755615,0.013753086964946587,0.0,0.0,wrapper_BackElim,filter_num,SVC(),"{'data_prep__category_pipe__features_select__strategy': 'wrapper_BackElim', 'data_prep__numeric_pipe__features_select__strategy': 'filter_num', 'model': SVC()}",,,,,,,,214,,,,,,,,214,,,,,,,,214,,,,,,,,214
0.1892941951751709,0.012382575431060286,0.0,0.0,wrapper_BackElim,filter_num,DecisionTreeClassifier(),"{'data_prep__category_pipe__features_select__strategy': 'wrapper_BackElim', 'data_prep__numeric_pipe__features_select__strategy': 'filter_num', 'model': DecisionTreeClassifier()}",,,,,,,,197,,,,,,,,197,,,,,,,,197,,,,,,,,197
0.20046381950378417,0.01802982883314503,0.0,0.0,wrapper_BackElim,filter_num,RandomForestClassifier(),"{'data_prep__category_pipe__features_select__strategy': 'wrapper_BackElim', 'data_prep__numeric_pipe__features_select__strategy': 'filter_num', 'model': RandomForestClassifier()}",,,,,,,,196,,,,,,,,196,,,,,,,,196,,,,,,,,196
0.31037020683288574,0.04751521112012267,0.0,0.0,wrapper_BackElim,filter_mutinf,SGDClassifier(),"{'data_prep__category_pipe__features_select__strategy': 'wrapper_BackElim', 'data_prep__numeric_pipe__features_select__strategy': 'filter_mutinf', 'model': SGDClassifier()}",,,,,,,,195,,,,,,,,195,,,,,,,,195,,,,,,,,195
0.29042658805847166,0.03170998871099184,0.0,0.0,wrapper_BackElim,filter_mutinf,LogisticRegression(),"{'data_prep__category_pipe__features_select__strategy': 'wrapper_BackElim', 'data_prep__numeric_pipe__features_select__strategy': 'filter_mutinf', 'model': LogisticRegression()}",,,,,,,,185,,,,,,,,185,,,,,,,,185,,,,,,,,185
0.3285215377807617,0.052455476472215094,0.0,0.0,wrapper_BackElim,filter_mutinf,LinearSVC(),"{'data_prep__category_pipe__features_select__strategy': 'wrapper_BackElim', 'data_prep__numeric_pipe__features_select__strategy': 'filter_mutinf', 'model': LinearSVC()}",,,,,,,,178,,,,,,,,178,,,,,,,,178,,,,,,,,178
0.31376233100891116,0.026579059215069957,0.0,0.0,wrapper_BackElim,filter_mutinf,SVC(),"{'data_prep__category_pipe__features_select__strategy': 'wrapper_BackElim', 'data_prep__numeric_pipe__features_select__strategy': 'filter_mutinf', 'model': SVC()}",,,,,,,,179,,,,,,,,179,,,,,,,,179,,,,,,,,179
0.27825655937194826,0.01581975913380405,0.0,0.0,wrapper_BackElim,filter_mutinf,DecisionTreeClassifier(),"{'data_prep__category_pipe__features_select__strategy': 'wrapper_BackElim', 'data_prep__numeric_pipe__features_select__strategy': 'filter_mutinf', 'model': DecisionTreeClassifier()}",,,,,,,,180,,,,,,,,180,,,,,,,,180,,,,,,,,180
0.2842408180236816,0.016375367765628836,0.0,0.0,wrapper_BackElim,filter_mutinf,RandomForestClassifier(),"{'data_prep__category_pipe__features_select__strategy': 'wrapper_BackElim', 'data_prep__numeric_pipe__features_select__strategy': 'filter_mutinf', 'model': RandomForestClassifier()}",,,,,,,,181,,,,,,,,181,,,,,,,,181,,,,,,,,181
6.794189977645874,0.34737121614303523,0.0,0.0,wrapper_BackElim,wrapper_RFECV,SGDClassifier(),"{'data_prep__category_pipe__features_select__strategy': 'wrapper_BackElim', 'data_prep__numeric_pipe__features_select__strategy': 'wrapper_RFECV', 'model': SGDClassifier()}",,,,,,,,182,,,,,,,,182,,,,,,,,182,,,,,,,,182
6.793971300125122,0.16953830612812498,0.0,0.0,wrapper_BackElim,wrapper_RFECV,LogisticRegression(),"{'data_prep__category_pipe__features_select__strategy': 'wrapper_BackElim', 'data_prep__numeric_pipe__features_select__strategy': 'wrapper_RFECV', 'model': LogisticRegression()}",,,,,,,,183,,,,,,,,183,,,,,,,,183,,,,,,,,183
6.5634763717651365,0.45550410727247265,0.0,0.0,wrapper_BackElim,wrapper_RFECV,LinearSVC(),"{'data_prep__category_pipe__features_select__strategy': 'wrapper_BackElim', 'data_prep__numeric_pipe__features_select__strategy': 'wrapper_RFECV', 'model': LinearSVC()}",,,,,,,,184,,,,,,,,184,,,,,,,,184,,,,,,,,184
6.611317729949951,0.5589399685980666,0.0,0.0,wrapper_BackElim,wrapper_RFECV,SVC(),"{'data_prep__category_pipe__features_select__strategy': 'wrapper_BackElim', 'data_prep__numeric_pipe__features_select__strategy': 'wrapper_RFECV', 'model': SVC()}",,,,,,,,186,,,,,,,,186,,,,,,,,186,,,,,,,,186
6.6767005443573,0.47671558360107524,0.0,0.0,wrapper_BackElim,wrapper_RFECV,DecisionTreeClassifier(),"{'data_prep__category_pipe__features_select__strategy': 'wrapper_BackElim', 'data_prep__numeric_pipe__features_select__strategy': 'wrapper_RFECV', 'model': DecisionTreeClassifier()}",,,,,,,,194,,,,,,,,194,,,,,,,,194,,,,,,,,194
7.149721622467041,1.1052329178812708,0.0,0.0,wrapper_BackElim,wrapper_RFECV,RandomForestClassifier(),"{'data_prep__category_pipe__features_select__strategy': 'wrapper_BackElim', 'data_prep__numeric_pipe__features_select__strategy': 'wrapper_RFECV', 'model': RandomForestClassifier()}",,,,,,,,187,,,,,,,,187,,,,,,,,187,,,,,,,,187
0.05984539985656738,0.010907203239297038,0.0,0.0,wrapper_BackElim,wrapper_BackElim,SGDClassifier(),"{'data_prep__category_pipe__features_select__strategy': 'wrapper_BackElim', 'data_prep__numeric_pipe__features_select__strategy': 'wrapper_BackElim', 'model': SGDClassifier()}",,,,,,,,188,,,,,,,,188,,,,,,,,188,,,,,,,,188
0.05605010986328125,0.0072854349494038614,0.0,0.0,wrapper_BackElim,wrapper_BackElim,LogisticRegression(),"{'data_prep__category_pipe__features_select__strategy': 'wrapper_BackElim', 'data_prep__numeric_pipe__features_select__strategy': 'wrapper_BackElim', 'model': LogisticRegression()}",,,,,,,,189,,,,,,,,189,,,,,,,,189,,,,,,,,189
0.05525283813476563,0.0037637887666110005,0.0,0.0,wrapper_BackElim,wrapper_BackElim,LinearSVC(),"{'data_prep__category_pipe__features_select__strategy': 'wrapper_BackElim', 'data_prep__numeric_pipe__features_select__strategy': 'wrapper_BackElim', 'model': LinearSVC()}",,,,,,,,190,,,,,,,,190,,,,,,,,190,,,,,,,,190
0.06602644920349121,0.010985907173618942,0.0,0.0,wrapper_BackElim,wrapper_BackElim,SVC(),"{'data_prep__category_pipe__features_select__strategy': 'wrapper_BackElim', 'data_prep__numeric_pipe__features_select__strategy': 'wrapper_BackElim', 'model': SVC()}",,,,,,,,191,,,,,,,,191,,,,,,,,191,,,,,,,,191
0.061436128616333005,0.005627833341626143,0.0,0.0,wrapper_BackElim,wrapper_BackElim,DecisionTreeClassifier(),"{'data_prep__category_pipe__features_select__strategy': 'wrapper_BackElim', 'data_prep__numeric_pipe__features_select__strategy': 'wrapper_BackElim', 'model': DecisionTreeClassifier()}",,,,,,,,192,,,,,,,,192,,,,,,,,192,,,,,,,,192
0.0744020938873291,0.01774717519977232,0.0,0.0,wrapper_BackElim,wrapper_BackElim,RandomForestClassifier(),"{'data_prep__category_pipe__features_select__strategy': 'wrapper_BackElim', 'data_prep__numeric_pipe__features_select__strategy': 'wrapper_BackElim', 'model': RandomForestClassifier()}",,,,,,,,193,,,,,,,,193,,,,,,,,193,,,,,,,,193
0.2120307445526123,0.01769432766194896,0.0,0.0,wrapper_BackElim,LassoCV,SGDClassifier(),"{'data_prep__category_pipe__features_select__strategy': 'wrapper_BackElim', 'data_prep__numeric_pipe__features_select__strategy': 'LassoCV', 'model': SGDClassifier()}",,,,,,,,136,,,,,,,,136,,,,,,,,136,,,,,,,,136
0.22280640602111818,0.01791463800374576,0.0,0.0,wrapper_BackElim,LassoCV,LogisticRegression(),"{'data_prep__category_pipe__features_select__strategy': 'wrapper_BackElim', 'data_prep__numeric_pipe__features_select__strategy': 'LassoCV', 'model': LogisticRegression()}",,,,,,,,175,,,,,,,,175,,,,,,,,175,,,,,,,,175
0.23916201591491698,0.015685585758331927,0.0,0.0,wrapper_BackElim,LassoCV,LinearSVC(),"{'data_prep__category_pipe__features_select__strategy': 'wrapper_BackElim', 'data_prep__numeric_pipe__features_select__strategy': 'LassoCV', 'model': LinearSVC()}",,,,,,,,134,,,,,,,,134,,,,,,,,134,,,,,,,,134
0.24574403762817382,0.02178204637155901,0.0,0.0,wrapper_BackElim,LassoCV,SVC(),"{'data_prep__category_pipe__features_select__strategy': 'wrapper_BackElim', 'data_prep__numeric_pipe__features_select__strategy': 'LassoCV', 'model': SVC()}",,,,,,,,122,,,,,,,,122,,,,,,,,122,,,,,,,,122
0.21801724433898925,0.018211318622103408,0.0,0.0,wrapper_BackElim,LassoCV,DecisionTreeClassifier(),"{'data_prep__category_pipe__features_select__strategy': 'wrapper_BackElim', 'data_prep__numeric_pipe__features_select__strategy': 'LassoCV', 'model': DecisionTreeClassifier()}",,,,,,,,70,,,,,,,,70,,,,,,,,70,,,,,,,,70
0.19527840614318848,0.01429200397101345,0.0,0.0,wrapper_BackElim,LassoCV,RandomForestClassifier(),"{'data_prep__category_pipe__features_select__strategy': 'wrapper_BackElim', 'data_prep__numeric_pipe__features_select__strategy': 'LassoCV', 'model': RandomForestClassifier()}",,,,,,,,69,,,,,,,,69,,,,,,,,69,,,,,,,,69
0.05864038467407227,0.006598903327616548,0.0,0.0,wrapper_BackElim,RidgeCV,SGDClassifier(),"{'data_prep__category_pipe__features_select__strategy': 'wrapper_BackElim', 'data_prep__numeric_pipe__features_select__strategy': 'RidgeCV', 'model': SGDClassifier()}",,,,,,,,68,,,,,,,,68,,,,,,,,68,,,,,,,,68
0.07200860977172852,0.015156327197701684,0.0,0.0,wrapper_BackElim,RidgeCV,LogisticRegression(),"{'data_prep__category_pipe__features_select__strategy': 'wrapper_BackElim', 'data_prep__numeric_pipe__features_select__strategy': 'RidgeCV', 'model': LogisticRegression()}",,,,,,,,67,,,,,,,,67,,,,,,,,67,,,,,,,,67
0.06183433532714844,0.009710450014322641,0.0,0.0,wrapper_BackElim,RidgeCV,LinearSVC(),"{'data_prep__category_pipe__features_select__strategy': 'wrapper_BackElim', 'data_prep__numeric_pipe__features_select__strategy': 'RidgeCV', 'model': LinearSVC()}",,,,,,,,66,,,,,,,,66,,,,,,,,66,,,,,,,,66
0.06283431053161621,0.014574781643250117,0.0,0.0,wrapper_BackElim,RidgeCV,SVC(),"{'data_prep__category_pipe__features_select__strategy': 'wrapper_BackElim', 'data_prep__numeric_pipe__features_select__strategy': 'RidgeCV', 'model': SVC()}",,,,,,,,65,,,,,,,,65,,,,,,,,65,,,,,,,,65
0.054654407501220706,0.001716377105558325,0.0,0.0,wrapper_BackElim,RidgeCV,DecisionTreeClassifier(),"{'data_prep__category_pipe__features_select__strategy': 'wrapper_BackElim', 'data_prep__numeric_pipe__features_select__strategy': 'RidgeCV', 'model': DecisionTreeClassifier()}",,,,,,,,72,,,,,,,,72,,,,,,,,72,,,,,,,,72
0.054455137252807616,0.0027925594086813314,0.0,0.0,wrapper_BackElim,RidgeCV,RandomForestClassifier(),"{'data_prep__category_pipe__features_select__strategy': 'wrapper_BackElim', 'data_prep__numeric_pipe__features_select__strategy': 'RidgeCV', 'model': RandomForestClassifier()}",,,,,,,,64,,,,,,,,64,,,,,,,,64,,,,,,,,64
0.431398868560791,0.019091058317387336,0.0,0.0,LassoCV,filter_num,SGDClassifier(),"{'data_prep__category_pipe__features_select__strategy': 'LassoCV', 'data_prep__numeric_pipe__features_select__strategy': 'filter_num', 'model': SGDClassifier()}",,,,,,,,62,,,,,,,,62,,,,,,,,62,,,,,,,,62
0.3555717945098877,0.05093674610655738,0.0,0.0,LassoCV,filter_num,LogisticRegression(),"{'data_prep__category_pipe__features_select__strategy': 'LassoCV', 'data_prep__numeric_pipe__features_select__strategy': 'filter_num', 'model': LogisticRegression()}",,,,,,,,61,,,,,,,,61,,,,,,,,61,,,,,,,,61
0.32054991722106935,0.009640982422177341,0.0,0.0,LassoCV,filter_num,LinearSVC(),"{'data_prep__category_pipe__features_select__strategy': 'LassoCV', 'data_prep__numeric_pipe__features_select__strategy': 'filter_num', 'model': LinearSVC()}",,,,,,,,60,,,,,,,,60,,,,,,,,60,,,,,,,,60
0.3650303840637207,0.02781111998883236,0.0,0.0,LassoCV,filter_num,SVC(),"{'data_prep__category_pipe__features_select__strategy': 'LassoCV', 'data_prep__numeric_pipe__features_select__strategy': 'filter_num', 'model': SVC()}",,,,,,,,59,,,,,,,,59,,,,,,,,59,,,,,,,,59
0.3452755928039551,0.011655189677136772,0.0,0.0,LassoCV,filter_num,DecisionTreeClassifier(),"{'data_prep__category_pipe__features_select__strategy': 'LassoCV', 'data_prep__numeric_pipe__features_select__strategy': 'filter_num', 'model': DecisionTreeClassifier()}",,,,,,,,58,,,,,,,,58,,,,,,,,58,,,,,,,,58
0.31296381950378416,0.013024821759396578,0.0,0.0,LassoCV,filter_num,RandomForestClassifier(),"{'data_prep__category_pipe__features_select__strategy': 'LassoCV', 'data_prep__numeric_pipe__features_select__strategy': 'filter_num', 'model': RandomForestClassifier()}",,,,,,,,57,,,,,,,,57,,,,,,,,57,,,,,,,,57
0.4178835391998291,0.019235874425405777,0.0,0.0,LassoCV,filter_mutinf,SGDClassifier(),"{'data_prep__category_pipe__features_select__strategy': 'LassoCV', 'data_prep__numeric_pipe__features_select__strategy': 'filter_mutinf', 'model': SGDClassifier()}",,,,,,,,56,,,,,,,,56,,,,,,,,56,,,,,,,,56
0.4001311779022217,0.020286513821453953,0.0,0.0,LassoCV,filter_mutinf,LogisticRegression(),"{'data_prep__category_pipe__features_select__strategy': 'LassoCV', 'data_prep__numeric_pipe__features_select__strategy': 'filter_mutinf', 'model': LogisticRegression()}",,,,,,,,63,,,,,,,,63,,,,,,,,63,,,,,,,,63
0.4027242660522461,0.014430185004485728,0.0,0.0,LassoCV,filter_mutinf,LinearSVC(),"{'data_prep__category_pipe__features_select__strategy': 'LassoCV', 'data_prep__numeric_pipe__features_select__strategy': 'filter_mutinf', 'model': LinearSVC()}",,,,,,,,74,,,,,,,,74,,,,,,,,74,,,,,,,,74
0.43184638023376465,0.030945754018502972,0.0,0.0,LassoCV,filter_mutinf,SVC(),"{'data_prep__category_pipe__features_select__strategy': 'LassoCV', 'data_prep__numeric_pipe__features_select__strategy': 'filter_mutinf', 'model': SVC()}",,,,,,,,83,,,,,,,,83,,,,,,,,83,,,,,,,,83
0.3997321605682373,0.016776790748526983,0.0,0.0,LassoCV,filter_mutinf,DecisionTreeClassifier(),"{'data_prep__category_pipe__features_select__strategy': 'LassoCV', 'data_prep__numeric_pipe__features_select__strategy': 'filter_mutinf', 'model': DecisionTreeClassifier()}",,,,,,,,55,,,,,,,,55,,,,,,,,55,,,,,,,,55
0.4140925407409668,0.03140253574774047,0.0,0.0,LassoCV,filter_mutinf,RandomForestClassifier(),"{'data_prep__category_pipe__features_select__strategy': 'LassoCV', 'data_prep__numeric_pipe__features_select__strategy': 'filter_mutinf', 'model': RandomForestClassifier()}",,,,,,,,76,,,,,,,,76,,,,,,,,76,,,,,,,,76
6.5062333106994625,0.3840157889315009,0.0,0.0,LassoCV,wrapper_RFECV,SGDClassifier(),"{'data_prep__category_pipe__features_select__strategy': 'LassoCV', 'data_prep__numeric_pipe__features_select__strategy': 'wrapper_RFECV', 'model': SGDClassifier()}",,,,,,,,77,,,,,,,,77,,,,,,,,77,,,,,,,,77
6.926095867156983,0.8408387447810964,0.0,0.0,LassoCV,wrapper_RFECV,LogisticRegression(),"{'data_prep__category_pipe__features_select__strategy': 'LassoCV', 'data_prep__numeric_pipe__features_select__strategy': 'wrapper_RFECV', 'model': LogisticRegression()}",,,,,,,,78,,,,,,,,78,,,,,,,,78,,,,,,,,78
7.664041662216187,0.6518457109562896,0.0,0.0,LassoCV,wrapper_RFECV,LinearSVC(),"{'data_prep__category_pipe__features_select__strategy': 'LassoCV', 'data_prep__numeric_pipe__features_select__strategy': 'wrapper_RFECV', 'model': LinearSVC()}",,,,,,,,79,,,,,,,,79,,,,,,,,79,,,,,,,,79
6.636021423339844,0.616415214824293,0.0,0.0,LassoCV,wrapper_RFECV,SVC(),"{'data_prep__category_pipe__features_select__strategy': 'LassoCV', 'data_prep__numeric_pipe__features_select__strategy': 'wrapper_RFECV', 'model': SVC()}",,,,,,,,80,,,,,,,,80,,,,,,,,80,,,,,,,,80
6.916475772857666,0.5995891448052423,0.0,0.0,LassoCV,wrapper_RFECV,DecisionTreeClassifier(),"{'data_prep__category_pipe__features_select__strategy': 'LassoCV', 'data_prep__numeric_pipe__features_select__strategy': 'wrapper_RFECV', 'model': DecisionTreeClassifier()}",,,,,,,,81,,,,,,,,81,,,,,,,,81,,,,,,,,81
7.85831847190857,1.3398457449368275,0.0,0.0,LassoCV,wrapper_RFECV,RandomForestClassifier(),"{'data_prep__category_pipe__features_select__strategy': 'LassoCV', 'data_prep__numeric_pipe__features_select__strategy': 'wrapper_RFECV', 'model': RandomForestClassifier()}",,,,,,,,82,,,,,,,,82,,,,,,,,82,,,,,,,,82
0.10113162994384765,0.03163211314195174,0.0,0.0,LassoCV,wrapper_BackElim,SGDClassifier(),"{'data_prep__category_pipe__features_select__strategy': 'LassoCV', 'data_prep__numeric_pipe__features_select__strategy': 'wrapper_BackElim', 'model': SGDClassifier()}",,,,,,,,84,,,,,,,,84,,,,,,,,84,,,,,,,,84
0.07799134254455567,0.010655777889926402,0.0,0.0,LassoCV,wrapper_BackElim,LogisticRegression(),"{'data_prep__category_pipe__features_select__strategy': 'LassoCV', 'data_prep__numeric_pipe__features_select__strategy': 'wrapper_BackElim', 'model': LogisticRegression()}",,,,,,,,92,,,,,,,,92,,,,,,,,92,,,,,,,,92
0.06622328758239746,0.014112219102685916,0.0,0.0,LassoCV,wrapper_BackElim,LinearSVC(),"{'data_prep__category_pipe__features_select__strategy': 'LassoCV', 'data_prep__numeric_pipe__features_select__strategy': 'wrapper_BackElim', 'model': LinearSVC()}",,,,,,,,85,,,,,,,,85,,,,,,,,85,,,,,,,,85
0.05884275436401367,0.011682001983129409,0.0,0.0,LassoCV,wrapper_BackElim,SVC(),"{'data_prep__category_pipe__features_select__strategy': 'LassoCV', 'data_prep__numeric_pipe__features_select__strategy': 'wrapper_BackElim', 'model': SVC()}",,,,,,,,86,,,,,,,,86,,,,,,,,86,,,,,,,,86
0.07998805046081543,0.022926921423999852,0.0,0.0,LassoCV,wrapper_BackElim,DecisionTreeClassifier(),"{'data_prep__category_pipe__features_select__strategy': 'LassoCV', 'data_prep__numeric_pipe__features_select__strategy': 'wrapper_BackElim', 'model': DecisionTreeClassifier()}",,,,,,,,87,,,,,,,,87,,,,,,,,87,,,,,,,,87
0.09574394226074219,0.021995731240745192,0.0,0.0,LassoCV,wrapper_BackElim,RandomForestClassifier(),"{'data_prep__category_pipe__features_select__strategy': 'LassoCV', 'data_prep__numeric_pipe__features_select__strategy': 'wrapper_BackElim', 'model': RandomForestClassifier()}",,,,,,,,88,,,,,,,,88,,,,,,,,88,,,,,,,,88
0.25651917457580564,0.04944386467355327,0.0,0.0,LassoCV,LassoCV,SGDClassifier(),"{'data_prep__category_pipe__features_select__strategy': 'LassoCV', 'data_prep__numeric_pipe__features_select__strategy': 'LassoCV', 'model': SGDClassifier()}",,,,,,,,89,,,,,,,,89,,,,,,,,89,,,,,,,,89
0.2513266086578369,0.042602081633729985,0.0,0.0,LassoCV,LassoCV,LogisticRegression(),"{'data_prep__category_pipe__features_select__strategy': 'LassoCV', 'data_prep__numeric_pipe__features_select__strategy': 'LassoCV', 'model': LogisticRegression()}",,,,,,,,90,,,,,,,,90,,,,,,,,90,,,,,,,,90
0.21265168190002443,0.02572428598184042,0.0,0.0,LassoCV,LassoCV,LinearSVC(),"{'data_prep__category_pipe__features_select__strategy': 'LassoCV', 'data_prep__numeric_pipe__features_select__strategy': 'LassoCV', 'model': LinearSVC()}",,,,,,,,91,,,,,,,,91,,,,,,,,91,,,,,,,,91
0.19886889457702636,0.004659949976143782,0.0,0.0,LassoCV,LassoCV,SVC(),"{'data_prep__category_pipe__features_select__strategy': 'LassoCV', 'data_prep__numeric_pipe__features_select__strategy': 'LassoCV', 'model': SVC()}",,,,,,,,75,,,,,,,,75,,,,,,,,75,,,,,,,,75
0.20186057090759277,0.016175715608765823,0.0,0.0,LassoCV,LassoCV,DecisionTreeClassifier(),"{'data_prep__category_pipe__features_select__strategy': 'LassoCV', 'data_prep__numeric_pipe__features_select__strategy': 'LassoCV', 'model': DecisionTreeClassifier()}",,,,,,,,71,,,,,,,,71,,,,,,,,71,,,,,,,,71
0.19567861557006835,0.01708410017308293,0.0,0.0,LassoCV,LassoCV,RandomForestClassifier(),"{'data_prep__category_pipe__features_select__strategy': 'LassoCV', 'data_prep__numeric_pipe__features_select__strategy': 'LassoCV', 'model': RandomForestClassifier()}",,,,,,,,73,,,,,,,,73,,,,,,,,73,,,,,,,,73
0.06403102874755859,0.017278428561436483,0.0,0.0,LassoCV,RidgeCV,SGDClassifier(),"{'data_prep__category_pipe__features_select__strategy': 'LassoCV', 'data_prep__numeric_pipe__features_select__strategy': 'RidgeCV', 'model': SGDClassifier()}",,,,,,,,93,,,,,,,,93,,,,,,,,93,,,,,,,,93
0.05166549682617187,0.0019320177931754906,0.0,0.0,LassoCV,RidgeCV,LogisticRegression(),"{'data_prep__category_pipe__features_select__strategy': 'LassoCV', 'data_prep__numeric_pipe__features_select__strategy': 'RidgeCV', 'model': LogisticRegression()}",,,,,,,,133,,,,,,,,133,,,,,,,,133,,,,,,,,133
0.05924215316772461,0.013179733318036966,0.0,0.0,LassoCV,RidgeCV,LinearSVC(),"{'data_prep__category_pipe__features_select__strategy': 'LassoCV', 'data_prep__numeric_pipe__features_select__strategy': 'RidgeCV', 'model': LinearSVC()}",,,,,,,,95,,,,,,,,95,,,,,,,,95,,,,,,,,95
0.05345573425292969,0.0017395351640977549,0.0,0.0,LassoCV,RidgeCV,SVC(),"{'data_prep__category_pipe__features_select__strategy': 'LassoCV', 'data_prep__numeric_pipe__features_select__strategy': 'RidgeCV', 'model': SVC()}",,,,,,,,116,,,,,,,,116,,,,,,,,116,,,,,,,,116
0.052060413360595706,0.0009770288113110383,0.0,0.0,LassoCV,RidgeCV,DecisionTreeClassifier(),"{'data_prep__category_pipe__features_select__strategy': 'LassoCV', 'data_prep__numeric_pipe__features_select__strategy': 'RidgeCV', 'model': DecisionTreeClassifier()}",,,,,,,,117,,,,,,,,117,,,,,,,,117,,,,,,,,117
0.04986886978149414,0.0006312058536618527,0.0,0.0,LassoCV,RidgeCV,RandomForestClassifier(),"{'data_prep__category_pipe__features_select__strategy': 'LassoCV', 'data_prep__numeric_pipe__features_select__strategy': 'RidgeCV', 'model': RandomForestClassifier()}",,,,,,,,118,,,,,,,,118,,,,,,,,118,,,,,,,,118
0.20026512145996095,0.02598056183570633,0.0,0.0,RidgeCV,filter_num,SGDClassifier(),"{'data_prep__category_pipe__features_select__strategy': 'RidgeCV', 'data_prep__numeric_pipe__features_select__strategy': 'filter_num', 'model': SGDClassifier()}",,,,,,,,119,,,,,,,,119,,,,,,,,119,,,,,,,,119
0.21223278045654298,0.029823442029337215,0.0,0.0,RidgeCV,filter_num,LogisticRegression(),"{'data_prep__category_pipe__features_select__strategy': 'RidgeCV', 'data_prep__numeric_pipe__features_select__strategy': 'filter_num', 'model': LogisticRegression()}",,,,,,,,120,,,,,,,,120,,,,,,,,120,,,,,,,,120
0.18989214897155762,0.009197540739436684,0.0,0.0,RidgeCV,filter_num,LinearSVC(),"{'data_prep__category_pipe__features_select__strategy': 'RidgeCV', 'data_prep__numeric_pipe__features_select__strategy': 'filter_num', 'model': LinearSVC()}",,,,,,,,121,,,,,,,,121,,,,,,,,121,,,,,,,,121
0.19507985115051268,0.01827721097611759,0.0,0.0,RidgeCV,filter_num,SVC(),"{'data_prep__category_pipe__features_select__strategy': 'RidgeCV', 'data_prep__numeric_pipe__features_select__strategy': 'filter_num', 'model': SVC()}",,,,,,,,94,,,,,,,,94,,,,,,,,94,,,,,,,,94
0.18451056480407715,0.013526043322811225,0.0,0.0,RidgeCV,filter_num,DecisionTreeClassifier(),"{'data_prep__category_pipe__features_select__strategy': 'RidgeCV', 'data_prep__numeric_pipe__features_select__strategy': 'filter_num', 'model': DecisionTreeClassifier()}",,,,,,,,123,,,,,,,,123,,,,,,,,123,,,,,,,,123
0.1914912700653076,0.02448559346500772,0.0,0.0,RidgeCV,filter_num,RandomForestClassifier(),"{'data_prep__category_pipe__features_select__strategy': 'RidgeCV', 'data_prep__numeric_pipe__features_select__strategy': 'filter_num', 'model': RandomForestClassifier()}",,,,,,,,124,,,,,,,,124,,,,,,,,124,,,,,,,,124
0.28563671112060546,0.018113149611079998,0.0,0.0,RidgeCV,filter_mutinf,SGDClassifier(),"{'data_prep__category_pipe__features_select__strategy': 'RidgeCV', 'data_prep__numeric_pipe__features_select__strategy': 'filter_mutinf', 'model': SGDClassifier()}",,,,,,,,125,,,,,,,,125,,,,,,,,125,,,,,,,,125
0.3233372211456299,0.04957603818873062,0.0,0.0,RidgeCV,filter_mutinf,LogisticRegression(),"{'data_prep__category_pipe__features_select__strategy': 'RidgeCV', 'data_prep__numeric_pipe__features_select__strategy': 'filter_mutinf', 'model': LogisticRegression()}",,,,,,,,126,,,,,,,,126,,,,,,,,126,,,,,,,,126
0.35186080932617186,0.04543632664758592,0.0,0.0,RidgeCV,filter_mutinf,LinearSVC(),"{'data_prep__category_pipe__features_select__strategy': 'RidgeCV', 'data_prep__numeric_pipe__features_select__strategy': 'filter_mutinf', 'model': LinearSVC()}",,,,,,,,127,,,,,,,,127,,,,,,,,127,,,,,,,,127
0.3680143356323242,0.04656260119491057,0.0,0.0,RidgeCV,filter_mutinf,SVC(),"{'data_prep__category_pipe__features_select__strategy': 'RidgeCV', 'data_prep__numeric_pipe__features_select__strategy': 'filter_mutinf', 'model': SVC()}",,,,,,,,128,,,,,,,,128,,,,,,,,128,,,,,,,,128
0.2924195289611816,0.018143994996476957,0.0,0.0,RidgeCV,filter_mutinf,DecisionTreeClassifier(),"{'data_prep__category_pipe__features_select__strategy': 'RidgeCV', 'data_prep__numeric_pipe__features_select__strategy': 'filter_mutinf', 'model': DecisionTreeClassifier()}",,,,,,,,129,,,,,,,,129,,,,,,,,129,,,,,,,,129
0.2888267993927002,0.009199296974020988,0.0,0.0,RidgeCV,filter_mutinf,RandomForestClassifier(),"{'data_prep__category_pipe__features_select__strategy': 'RidgeCV', 'data_prep__numeric_pipe__features_select__strategy': 'filter_mutinf', 'model': RandomForestClassifier()}",,,,,,,,130,,,,,,,,130,,,,,,,,130,,,,,,,,130
6.517607498168945,0.43258752680001195,0.0,0.0,RidgeCV,wrapper_RFECV,SGDClassifier(),"{'data_prep__category_pipe__features_select__strategy': 'RidgeCV', 'data_prep__numeric_pipe__features_select__strategy': 'wrapper_RFECV', 'model': SGDClassifier()}",,,,,,,,131,,,,,,,,131,,,,,,,,131,,,,,,,,131
6.57762041091919,0.3468280031205854,0.0,0.0,RidgeCV,wrapper_RFECV,LogisticRegression(),"{'data_prep__category_pipe__features_select__strategy': 'RidgeCV', 'data_prep__numeric_pipe__features_select__strategy': 'wrapper_RFECV', 'model': LogisticRegression()}",,,,,,,,132,,,,,,,,132,,,,,,,,132,,,,,,,,132
6.6488158226013185,0.36192532485021806,0.0,0.0,RidgeCV,wrapper_RFECV,LinearSVC(),"{'data_prep__category_pipe__features_select__strategy': 'RidgeCV', 'data_prep__numeric_pipe__features_select__strategy': 'wrapper_RFECV', 'model': LinearSVC()}",,,,,,,,115,,,,,,,,115,,,,,,,,115,,,,,,,,115
6.454963350296021,0.5887301615843415,0.0,0.0,RidgeCV,wrapper_RFECV,SVC(),"{'data_prep__category_pipe__features_select__strategy': 'RidgeCV', 'data_prep__numeric_pipe__features_select__strategy': 'wrapper_RFECV', 'model': SVC()}",,,,,,,,114,,,,,,,,114,,,,,,,,114,,,,,,,,114
6.823898887634277,0.39307399702603896,0.0,0.0,RidgeCV,wrapper_RFECV,DecisionTreeClassifier(),"{'data_prep__category_pipe__features_select__strategy': 'RidgeCV', 'data_prep__numeric_pipe__features_select__strategy': 'wrapper_RFECV', 'model': DecisionTreeClassifier()}",,,,,,,,113,,,,,,,,113,,,,,,,,113,,,,,,,,113
6.583992862701416,0.37033629478932933,0.0,0.0,RidgeCV,wrapper_RFECV,RandomForestClassifier(),"{'data_prep__category_pipe__features_select__strategy': 'RidgeCV', 'data_prep__numeric_pipe__features_select__strategy': 'wrapper_RFECV', 'model': RandomForestClassifier()}",,,,,,,,103,,,,,,,,103,,,,,,,,103,,,,,,,,103
0.054654598236083984,0.006891715595029562,0.0,0.0,RidgeCV,wrapper_BackElim,SGDClassifier(),"{'data_prep__category_pipe__features_select__strategy': 'RidgeCV', 'data_prep__numeric_pipe__features_select__strategy': 'wrapper_BackElim', 'model': SGDClassifier()}",,,,,,,,96,,,,,,,,96,,,,,,,,96,,,,,,,,96
0.05345749855041504,0.0033729149881100693,0.0,0.0,RidgeCV,wrapper_BackElim,LogisticRegression(),"{'data_prep__category_pipe__features_select__strategy': 'RidgeCV', 'data_prep__numeric_pipe__features_select__strategy': 'wrapper_BackElim', 'model': LogisticRegression()}",,,,,,,,97,,,,,,,,97,,,,,,,,97,,,,,,,,97
0.0572474479675293,0.006515954725257164,0.0,0.0,RidgeCV,wrapper_BackElim,LinearSVC(),"{'data_prep__category_pipe__features_select__strategy': 'RidgeCV', 'data_prep__numeric_pipe__features_select__strategy': 'wrapper_BackElim', 'model': LinearSVC()}",,,,,,,,98,,,,,,,,98,,,,,,,,98,,,,,,,,98
0.053258085250854494,0.0037639429416060754,0.0,0.0,RidgeCV,wrapper_BackElim,SVC(),"{'data_prep__category_pipe__features_select__strategy': 'RidgeCV', 'data_prep__numeric_pipe__features_select__strategy': 'wrapper_BackElim', 'model': SVC()}",,,,,,,,99,,,,,,,,99,,,,,,,,99,,,,,,,,99
0.06323089599609374,0.013684031115808279,0.0,0.0,RidgeCV,wrapper_BackElim,DecisionTreeClassifier(),"{'data_prep__category_pipe__features_select__strategy': 'RidgeCV', 'data_prep__numeric_pipe__features_select__strategy': 'wrapper_BackElim', 'model': DecisionTreeClassifier()}",,,,,,,,100,,,,,,,,100,,,,,,,,100,,,,,,,,100
0.07679462432861328,0.01521721081789753,0.0,0.0,RidgeCV,wrapper_BackElim,RandomForestClassifier(),"{'data_prep__category_pipe__features_select__strategy': 'RidgeCV', 'data_prep__numeric_pipe__features_select__strategy': 'wrapper_BackElim', 'model': RandomForestClassifier()}",,,,,,,,101,,,,,,,,101,,,,,,,,101,,,,,,,,101
0.24436359405517577,0.03983976973190974,0.0,0.0,RidgeCV,LassoCV,SGDClassifier(),"{'data_prep__category_pipe__features_select__strategy': 'RidgeCV', 'data_prep__numeric_pipe__features_select__strategy': 'LassoCV', 'model': SGDClassifier()}",,,,,,,,102,,,,,,,,102,,,,,,,,102,,,,,,,,102
0.1958759307861328,0.01739545428837018,0.0,0.0,RidgeCV,LassoCV,LogisticRegression(),"{'data_prep__category_pipe__features_select__strategy': 'RidgeCV', 'data_prep__numeric_pipe__features_select__strategy': 'LassoCV', 'model': LogisticRegression()}",,,,,,,,104,,,,,,,,104,,,,,,,,104,,,,,,,,104
0.2154242992401123,0.01756022624981055,0.0,0.0,RidgeCV,LassoCV,LinearSVC(),"{'data_prep__category_pipe__features_select__strategy': 'RidgeCV', 'data_prep__numeric_pipe__features_select__strategy': 'LassoCV', 'model': LinearSVC()}",,,,,,,,112,,,,,,,,112,,,,,,,,112,,,,,,,,112
0.27448239326477053,0.03248197527307651,0.0,0.0,RidgeCV,LassoCV,SVC(),"{'data_prep__category_pipe__features_select__strategy': 'RidgeCV', 'data_prep__numeric_pipe__features_select__strategy': 'LassoCV', 'model': SVC()}",,,,,,,,105,,,,,,,,105,,,,,,,,105,,,,,,,,105
0.24335145950317383,0.01476525803249762,0.0,0.0,RidgeCV,LassoCV,DecisionTreeClassifier(),"{'data_prep__category_pipe__features_select__strategy': 'RidgeCV', 'data_prep__numeric_pipe__features_select__strategy': 'LassoCV', 'model': DecisionTreeClassifier()}",,,,,,,,106,,,,,,,,106,,,,,,,,106,,,,,,,,106
0.27187213897705076,0.06456637786624475,0.0,0.0,RidgeCV,LassoCV,RandomForestClassifier(),"{'data_prep__category_pipe__features_select__strategy': 'RidgeCV', 'data_prep__numeric_pipe__features_select__strategy': 'LassoCV', 'model': RandomForestClassifier()}",,,,,,,,107,,,,,,,,107,,,,,,,,107,,,,,,,,107
0.05445442199707031,0.0018498074337105397,0.0,0.0,RidgeCV,RidgeCV,SGDClassifier(),"{'data_prep__category_pipe__features_select__strategy': 'RidgeCV', 'data_prep__numeric_pipe__features_select__strategy': 'RidgeCV', 'model': SGDClassifier()}",,,,,,,,108,,,,,,,,108,,,,,,,,108,,,,,,,,108
0.06043844223022461,0.004442044321277891,0.0,0.0,RidgeCV,RidgeCV,LogisticRegression(),"{'data_prep__category_pipe__features_select__strategy': 'RidgeCV', 'data_prep__numeric_pipe__features_select__strategy': 'RidgeCV', 'model': LogisticRegression()}",,,,,,,,109,,,,,,,,109,,,,,,,,109,,,,,,,,109
0.058443975448608396,0.0038676797036311396,0.0,0.0,RidgeCV,RidgeCV,LinearSVC(),"{'data_prep__category_pipe__features_select__strategy': 'RidgeCV', 'data_prep__numeric_pipe__features_select__strategy': 'RidgeCV', 'model': LinearSVC()}",,,,,,,,110,,,,,,,,110,,,,,,,,110,,,,,,,,110
0.0524599552154541,0.00205363214007925,0.0,0.0,RidgeCV,RidgeCV,SVC(),"{'data_prep__category_pipe__features_select__strategy': 'RidgeCV', 'data_prep__numeric_pipe__features_select__strategy': 'RidgeCV', 'model': SVC()}",,,,,,,,111,,,,,,,,111,,,,,,,,111,,,,,,,,111
0.05425748825073242,0.007898078899243832,0.0,0.0,RidgeCV,RidgeCV,DecisionTreeClassifier(),"{'data_prep__category_pipe__features_select__strategy': 'RidgeCV', 'data_prep__numeric_pipe__features_select__strategy': 'RidgeCV', 'model': DecisionTreeClassifier()}",,,,,,,,210,,,,,,,,210,,,,,,,,210,,,,,,,,210
0.05425524711608887,0.0018496325347585965,0.0,0.0,RidgeCV,RidgeCV,RandomForestClassifier(),"{'data_prep__category_pipe__features_select__strategy': 'RidgeCV', 'data_prep__numeric_pipe__features_select__strategy': 'RidgeCV', 'model': RandomForestClassifier()}",,,,,,,,216,,,,,,,,216,,,,,,,,216,,,,,,,,216
